,total_matches,total_tournaments,total_finals,total_wins,best_rank,wins_clay,wins_grass,wins_hard
 Hajek J.,2.0,1.0,0.0,1.0,79.0,1.0,0.0,0.0
Acasuso J.,192.0,68.0,5.0,101.0,20.0,67.0,0.0,34.0
Adaktusson J.,1.0,1.0,0.0,0.0,265.0,0.0,0.0,0.0
Agamenone F.,5.0,2.0,0.0,3.0,156.0,3.0,0.0,0.0
Agassi A.,37.0,17.0,3.0,26.0,6.0,0.0,2.0,24.0
Agostinelli B.,1.0,1.0,0.0,0.0,1171.0,0.0,0.0,0.0
Aguilar J.,4.0,4.0,0.0,0.0,223.0,0.0,0.0,0.0
Ahouda A.,4.0,2.0,0.0,1.0,727.0,1.0,0.0,0.0
Ajdukovic D.,12.0,7.0,0.0,4.0,110.0,4.0,0.0,0.0
Al Ghareeb M.,4.0,3.0,0.0,0.0,352.0,0.0,0.0,0.0
Al-Ghareeb M.,1.0,1.0,0.0,0.0,431.0,0.0,0.0,0.0
Albot R.,222.0,107.0,1.0,86.0,39.0,20.0,8.0,58.0
Alcaide G.,1.0,1.0,0.0,0.0,238.0,0.0,0.0,0.0
Alcaraz C.,238.0,52.0,20.0,187.0,1.0,72.0,24.0,91.0
Aldi F.,5.0,3.0,0.0,1.0,112.0,1.0,0.0,0.0
Almagro N.,595.0,137.0,23.0,360.0,9.0,248.0,11.0,101.0
Almagro N. ,1.0,1.0,0.0,0.0,27.0,0.0,0.0,0.0
Altamirano C.,1.0,1.0,0.0,0.0,345.0,0.0,0.0,0.0
Altmaier D.,120.0,70.0,0.0,41.0,47.0,23.0,5.0,13.0
Alund M.,17.0,14.0,0.0,7.0,91.0,7.0,0.0,0.0
Alvarez Varona N.,3.0,2.0,0.0,1.0,231.0,0.0,0.0,1.0
Alves M.,1.0,1.0,0.0,0.0,556.0,0.0,0.0,0.0
Alves T.,28.0,20.0,0.0,7.0,105.0,1.0,2.0,4.0
Amritraj P.,21.0,5.0,1.0,10.0,159.0,0.0,8.0,2.0
Ancic M.,178.0,67.0,8.0,118.0,9.0,17.0,16.0,85.0
Anderson A.,1.0,1.0,0.0,0.0,1564.0,0.0,0.0,0.0
Anderson K.,573.0,129.0,20.0,331.0,5.0,57.0,46.0,228.0
Anderson O.,1.0,1.0,0.0,0.0,813.0,0.0,0.0,0.0
Andreev A.,7.0,6.0,0.0,2.0,211.0,0.0,0.0,2.0
Andreev I.,325.0,116.0,6.0,167.0,19.0,81.0,8.0,78.0
Andreev I. ,1.0,1.0,0.0,0.0,35.0,0.0,0.0,0.0
Andreozzi G.,40.0,31.0,0.0,12.0,74.0,6.0,1.0,5.0
Androic T.,2.0,2.0,0.0,0.0,294.0,0.0,0.0,0.0
Andujar P.,383.0,128.0,9.0,153.0,36.0,111.0,3.0,39.0
Aragone J.,2.0,2.0,0.0,0.0,289.0,0.0,0.0,0.0
Aragone J.C.,1.0,1.0,0.0,0.0,299.0,0.0,0.0,0.0
Aragone JC,1.0,1.0,0.0,0.0,265.0,0.0,0.0,0.0
Aranguren J.M.,2.0,2.0,0.0,0.0,257.0,0.0,0.0,0.0
Arevalo M.,2.0,2.0,0.0,0.0,145.0,0.0,0.0,0.0
Arguello F.,16.0,11.0,0.0,1.0,107.0,1.0,0.0,0.0
Armando H.,15.0,12.0,0.0,5.0,167.0,5.0,0.0,0.0
Arnaboldi A.,14.0,10.0,0.0,4.0,165.0,4.0,0.0,0.0
Arnaldi M.,79.0,41.0,0.0,40.0,30.0,16.0,1.0,23.0
Arthurs W.,31.0,21.0,0.0,14.0,77.0,0.0,3.0,11.0
Artunedo Martinavarro A.,1.0,1.0,0.0,0.0,340.0,0.0,0.0,0.0
Arvidsson I.,1.0,1.0,0.0,0.0,507.0,0.0,0.0,0.0
Ascione T.,33.0,19.0,0.0,7.0,82.0,3.0,0.0,4.0
Atmane T.,12.0,10.0,0.0,3.0,121.0,1.0,0.0,2.0
Auckland J.,2.0,1.0,0.0,1.0,414.0,0.0,0.0,1.0
Auger-Aliassime F.,321.0,104.0,15.0,189.0,6.0,42.0,21.0,126.0
Authom M.,2.0,2.0,0.0,0.0,156.0,0.0,0.0,0.0
Avidzba A.,2.0,1.0,0.0,1.0,498.0,0.0,0.0,1.0
Awadhy O.,1.0,1.0,0.0,0.0,1112.0,0.0,0.0,0.0
Azzaro L.,3.0,3.0,0.0,0.0,295.0,0.0,0.0,0.0
Bachinger M.,81.0,49.0,1.0,30.0,86.0,10.0,2.0,18.0
Baez S.,157.0,69.0,8.0,82.0,4.0,63.0,3.0,16.0
Baghdatis M.,544.0,145.0,13.0,304.0,8.0,27.0,48.0,229.0
Bagnis F.,124.0,51.0,2.0,43.0,55.0,35.0,0.0,8.0
Bahrouzyan O.,1.0,1.0,0.0,0.0,808.0,0.0,0.0,0.0
Bai Y.,8.0,6.0,0.0,2.0,241.0,0.0,0.0,2.0
Bailly G.,2.0,1.0,0.0,0.0,869.0,0.0,0.0,0.0
Baker B.,45.0,28.0,1.0,18.0,56.0,5.0,4.0,9.0
Baker J.,19.0,11.0,0.0,3.0,200.0,0.0,3.0,0.0
Balazs A.,32.0,18.0,1.0,16.0,78.0,16.0,0.0,0.0
Baldi F.,3.0,3.0,0.0,0.0,149.0,0.0,0.0,0.0
Ball C.,18.0,11.0,1.0,7.0,131.0,1.0,0.0,6.0
Balleret B.,10.0,4.0,0.0,2.0,234.0,1.0,0.0,1.0
Baluda V.,1.0,1.0,0.0,0.0,466.0,0.0,0.0,0.0
Bangoura S.,1.0,1.0,0.0,0.0,313.0,0.0,0.0,0.0
Barranco Cosano J.,1.0,1.0,0.0,0.0,254.0,0.0,0.0,0.0
Barrere G.,101.0,45.0,0.0,38.0,55.0,10.0,6.0,22.0
Barrientos N.,3.0,2.0,0.0,0.0,293.0,0.0,0.0,0.0
Barrios M.,15.0,9.0,0.0,5.0,120.0,4.0,1.0,0.0
Barrios Vera M.T.,2.0,1.0,0.0,1.0,300.0,1.0,0.0,0.0
Barton M.,8.0,5.0,0.0,4.0,248.0,1.0,1.0,2.0
Basic M.,47.0,30.0,1.0,19.0,75.0,4.0,2.0,13.0
Basilashvili N.,286.0,100.0,9.0,131.0,16.0,40.0,15.0,76.0
Basso A.,1.0,1.0,0.0,0.0,416.0,0.0,0.0,0.0
Bastl G.,33.0,19.0,0.0,10.0,129.0,0.0,0.0,10.0
Bautista Agut R.,414.0,102.0,15.0,250.0,10.0,63.0,35.0,152.0
Bautista R.,211.0,69.0,7.0,128.0,14.0,32.0,13.0,83.0
Bautista R. ,1.0,1.0,0.0,0.0,315.0,0.0,0.0,0.0
Beck A.,94.0,46.0,1.0,36.0,37.0,16.0,7.0,13.0
Beck A. ,1.0,1.0,0.0,0.0,33.0,0.0,0.0,0.0
Beck K.,61.0,42.0,0.0,18.0,39.0,0.0,4.0,14.0
Becker B.,356.0,129.0,3.0,144.0,39.0,11.0,35.0,98.0
Becker B. ,1.0,1.0,0.0,0.0,43.0,0.0,0.0,0.0
Bedene A.,272.0,108.0,4.0,123.0,43.0,57.0,13.0,53.0
Bega A.,1.0,1.0,0.0,0.0,351.0,0.0,0.0,0.0
Behrend T.,26.0,23.0,0.0,8.0,84.0,7.0,0.0,1.0
Belic L.,3.0,2.0,0.0,0.0,766.0,0.0,0.0,0.0
Bellier A.,9.0,6.0,0.0,4.0,303.0,0.0,3.0,1.0
Bellotti R.,1.0,1.0,0.0,0.0,204.0,0.0,0.0,0.0
Bellucci M.,14.0,14.0,0.0,5.0,101.0,0.0,0.0,5.0
Bellucci T.,367.0,110.0,8.0,169.0,22.0,107.0,6.0,56.0
Belyaev I.,1.0,1.0,0.0,0.0,334.0,0.0,0.0,0.0
Bemelmans R.,70.0,38.0,0.0,21.0,95.0,2.0,6.0,13.0
Benchetrit E.,9.0,6.0,0.0,1.0,217.0,1.0,0.0,0.0
Benneteau J.,482.0,120.0,10.0,236.0,25.0,36.0,33.0,167.0
Benneteau J. ,1.0,1.0,0.0,0.0,48.0,0.0,0.0,0.0
Berankis R.,239.0,101.0,2.0,97.0,54.0,9.0,4.0,84.0
Berdych T.,831.0,117.0,31.0,551.0,4.0,116.0,62.0,373.0
Berdych T. ,2.0,1.0,0.0,1.0,19.0,0.0,0.0,1.0
Bergs Z.,43.0,25.0,0.0,16.0,61.0,6.0,0.0,10.0
Berlocq C.,294.0,120.0,3.0,120.0,37.0,91.0,5.0,24.0
Berrer M.,214.0,93.0,2.0,79.0,43.0,15.0,7.0,57.0
Berrettini J.,1.0,1.0,0.0,0.0,842.0,0.0,0.0,0.0
Berrettini M.,252.0,79.0,16.0,168.0,6.0,62.0,41.0,65.0
Berrettini M. ,3.0,2.0,0.0,1.0,8.0,0.0,0.0,1.0
Bester P.,5.0,4.0,0.0,0.0,705.0,0.0,0.0,0.0
Betov S.,1.0,1.0,0.0,0.0,514.0,0.0,0.0,0.0
Bhambri Y.,34.0,22.0,0.0,11.0,85.0,0.0,0.0,11.0
Biryukov M.,2.0,2.0,0.0,0.0,310.0,0.0,0.0,0.0
Bjorkman J.,103.0,53.0,2.0,47.0,30.0,5.0,17.0,25.0
Blake J.,376.0,97.0,20.0,231.0,5.0,23.0,17.0,191.0
Blake J. ,1.0,1.0,0.0,0.0,41.0,0.0,0.0,0.0
Blancaneaux G.,6.0,6.0,0.0,0.0,139.0,0.0,0.0,0.0
Blanch D.,2.0,2.0,0.0,0.0,652.0,0.0,0.0,0.0
Blanch U.,1.0,1.0,0.0,0.0,244.0,0.0,0.0,0.0
Blanchet U.,3.0,2.0,0.0,1.0,161.0,1.0,0.0,0.0
Blanco G.,3.0,3.0,0.0,1.0,292.0,1.0,0.0,0.0
Blockx A.,2.0,2.0,0.0,0.0,231.0,0.0,0.0,0.0
Bloomfield R.,13.0,7.0,0.0,3.0,194.0,0.0,3.0,0.0
Blumberg W.,1.0,1.0,0.0,0.0,773.0,0.0,0.0,0.0
Bogaerts R.,1.0,1.0,0.0,0.0,1149.0,0.0,0.0,0.0
Bogdanovic A.,24.0,13.0,0.0,7.0,108.0,0.0,6.0,1.0
Bogomolov A.,117.0,62.0,0.0,49.0,33.0,0.0,8.0,41.0
Bohli S.,18.0,14.0,0.0,2.0,133.0,1.0,0.0,1.0
Bohli S. ,1.0,1.0,0.0,0.0,148.0,0.0,0.0,0.0
Bolelli S.,255.0,103.0,1.0,108.0,37.0,48.0,15.0,45.0
Bolelli S. ,1.0,1.0,0.0,0.0,94.0,0.0,0.0,0.0
Bolt A.,47.0,26.0,0.0,16.0,125.0,0.0,4.0,12.0
Bonadio R.,3.0,3.0,0.0,1.0,181.0,1.0,0.0,0.0
Bonzi B.,94.0,48.0,3.0,43.0,42.0,4.0,8.0,31.0
Bopanna R.,18.0,13.0,0.0,5.0,251.0,0.0,3.0,2.0
Borg L.,7.0,5.0,0.0,1.0,359.0,1.0,0.0,0.0
Borges N.,82.0,47.0,1.0,35.0,33.0,15.0,0.0,20.0
Borvanov R.,1.0,1.0,0.0,0.0,357.0,0.0,0.0,0.0
Bossel A.,2.0,2.0,0.0,0.0,402.0,0.0,0.0,0.0
Bourchier H.,2.0,1.0,0.0,1.0,324.0,0.0,0.0,1.0
Bourgeois L.,1.0,1.0,0.0,0.0,369.0,0.0,0.0,0.0
Bourgue M.,6.0,4.0,0.0,1.0,156.0,1.0,0.0,0.0
Bowles C.,1.0,1.0,0.0,0.0,1401.0,0.0,0.0,0.0
Bozoljac I.,24.0,16.0,0.0,7.0,126.0,2.0,2.0,3.0
Bracciali D.,68.0,48.0,1.0,27.0,53.0,9.0,5.0,13.0
Brancaccio R.,1.0,1.0,0.0,0.0,336.0,0.0,0.0,0.0
Brands D.,147.0,73.0,0.0,55.0,52.0,19.0,6.0,30.0
Britton D.,2.0,2.0,0.0,0.0,1370.0,0.0,0.0,0.0
Brizzi A.,1.0,1.0,0.0,0.0,273.0,0.0,0.0,0.0
Broady L.,51.0,30.0,0.0,19.0,108.0,0.0,9.0,10.0
Brooksby J.,76.0,38.0,3.0,43.0,34.0,2.0,7.0,34.0
Broom C.,2.0,2.0,0.0,0.0,245.0,0.0,0.0,0.0
Brouwer G.,26.0,17.0,0.0,12.0,116.0,5.0,3.0,4.0
Brown D.,155.0,61.0,0.0,62.0,66.0,21.0,18.0,23.0
Brugues-Davi A.,4.0,3.0,0.0,1.0,172.0,0.0,0.0,1.0
Bryde T.,1.0,1.0,0.0,0.0,1164.0,0.0,0.0,0.0
Brzezicki J.P.,21.0,16.0,0.0,6.0,99.0,6.0,0.0,0.0
Bu Y.,14.0,9.0,0.0,8.0,69.0,0.0,0.0,8.0
Bubka S.,15.0,12.0,0.0,4.0,148.0,0.0,1.0,3.0
Bublik A.,267.0,91.0,10.0,135.0,17.0,19.0,31.0,85.0
Buchanan C.,2.0,2.0,0.0,0.0,172.0,0.0,0.0,0.0
Burgsmuller L.,20.0,16.0,0.0,5.0,85.0,0.0,0.0,5.0
Burniol G.,1.0,1.0,0.0,0.0,505.0,0.0,0.0,0.0
Burquier G.,1.0,1.0,0.0,0.0,205.0,0.0,0.0,0.0
Burruchaga R.,4.0,4.0,0.0,1.0,159.0,1.0,0.0,0.0
Cabal J.S.,1.0,1.0,0.0,0.0,257.0,0.0,0.0,0.0
Cachin P.,70.0,40.0,1.0,24.0,54.0,19.0,0.0,5.0
Cacic N.,2.0,1.0,0.0,1.0,761.0,1.0,0.0,0.0
Cakl T.,8.0,6.0,0.0,1.0,161.0,0.0,0.0,1.0
Calatrava A.,9.0,7.0,0.0,2.0,130.0,1.0,0.0,1.0
Calleri A.,157.0,68.0,3.0,78.0,26.0,49.0,3.0,26.0
Canas G.,112.0,56.0,3.0,61.0,14.0,30.0,7.0,24.0
Capdeville P.,95.0,49.0,0.0,33.0,76.0,11.0,2.0,20.0
Carballes Baena R.,253.0,93.0,3.0,113.0,51.0,81.0,4.0,28.0
Carlsen K.,46.0,32.0,0.0,18.0,53.0,0.0,0.0,18.0
Carraz G.,6.0,5.0,0.0,1.0,125.0,0.0,0.0,1.0
Carreno Busta P.,346.0,108.0,11.0,210.0,10.0,78.0,6.0,126.0
Carreno-Busta P.,104.0,59.0,1.0,39.0,49.0,28.0,0.0,11.0
Caruana L.,1.0,1.0,0.0,0.0,397.0,0.0,0.0,0.0
Caruso S.,62.0,41.0,0.0,19.0,76.0,8.0,0.0,11.0
Casanova H.,1.0,1.0,0.0,0.0,321.0,0.0,0.0,0.0
Catarina L.,4.0,2.0,0.0,0.0,554.0,0.0,0.0,0.0
Cazaux A.,28.0,18.0,0.0,11.0,75.0,1.0,1.0,9.0
Cecchinato M.,200.0,83.0,5.0,74.0,16.0,62.0,2.0,10.0
Celikbilek A.,9.0,6.0,0.0,4.0,230.0,0.0,1.0,3.0
Cermak F.,6.0,4.0,0.0,3.0,413.0,3.0,0.0,0.0
Cerundolo F.,165.0,64.0,5.0,87.0,19.0,53.0,7.0,27.0
Cerundolo J.M.,37.0,21.0,1.0,16.0,79.0,9.0,0.0,7.0
Cervantes I.,49.0,34.0,0.0,17.0,56.0,12.0,1.0,4.0
Cervenak P.,9.0,5.0,0.0,5.0,204.0,5.0,0.0,0.0
Chadaj A.,2.0,2.0,0.0,1.0,230.0,1.0,0.0,0.0
Chaen T.,1.0,1.0,0.0,0.0,625.0,0.0,0.0,0.0
Chaki R.,1.0,1.0,0.0,0.0,482.0,0.0,0.0,0.0
Chappell N.,2.0,2.0,0.0,0.0,432.0,0.0,0.0,0.0
Chardy J.,571.0,154.0,3.0,275.0,25.0,99.0,28.0,148.0
Chardy J. ,2.0,2.0,0.0,1.0,31.0,0.0,0.0,1.0
Chela J.,2.0,2.0,0.0,1.0,38.0,1.0,0.0,0.0
Chela J.I.,286.0,94.0,6.0,143.0,16.0,89.0,2.0,52.0
Chen T.,3.0,3.0,0.0,0.0,282.0,0.0,0.0,0.0
Chidekh C.,1.0,1.0,0.0,0.0,434.0,0.0,0.0,0.0
Childs L.,1.0,1.0,0.0,0.0,408.0,0.0,0.0,0.0
Chiudinelli M.,108.0,51.0,0.0,36.0,53.0,7.0,5.0,24.0
Chiudinelli M. ,4.0,2.0,0.0,3.0,73.0,0.0,0.0,3.0
Choinski J.,9.0,8.0,0.0,2.0,151.0,1.0,1.0,0.0
Chrysochos P.,1.0,1.0,0.0,0.0,1360.0,0.0,0.0,0.0
Chung H.,133.0,61.0,0.0,68.0,22.0,16.0,1.0,51.0
Chung Y.,2.0,2.0,0.0,0.0,322.0,0.0,0.0,0.0
Chvojka E.,2.0,2.0,0.0,0.0,290.0,0.0,0.0,0.0
Cilic M.,839.0,150.0,36.0,527.0,3.0,117.0,74.0,336.0
Cilic M. ,3.0,1.0,0.0,2.0,13.0,0.0,0.0,2.0
Ciorcila P.,1.0,1.0,0.0,0.0,589.0,0.0,0.0,0.0
Cipolla F.,92.0,57.0,0.0,27.0,70.0,10.0,0.0,17.0
Clarke J.,13.0,7.0,0.0,2.0,156.0,0.0,2.0,0.0
Clayton A.,1.0,1.0,0.0,0.0,1281.0,0.0,0.0,0.0
Clemens T.,4.0,3.0,0.0,2.0,265.0,0.0,0.0,2.0
Clement A.,230.0,82.0,4.0,103.0,34.0,10.0,21.0,72.0
Clezar G.,11.0,4.0,0.0,1.0,163.0,1.0,0.0,0.0
Cobolli F.,72.0,44.0,1.0,38.0,30.0,14.0,3.0,21.0
Collarini A.,2.0,2.0,0.0,0.0,264.0,0.0,0.0,0.0
Collignon R.,1.0,1.0,0.0,0.0,164.0,0.0,0.0,0.0
Comesana F.,11.0,9.0,0.0,4.0,100.0,0.0,2.0,2.0
Copil M.,127.0,60.0,2.0,47.0,56.0,7.0,6.0,34.0
Coppejans K.,13.0,11.0,0.0,1.0,158.0,0.0,0.0,1.0
Coria F.,118.0,53.0,2.0,48.0,49.0,43.0,0.0,5.0
Coria G.,56.0,33.0,2.0,30.0,6.0,16.0,0.0,14.0
Coric B.,365.0,107.0,9.0,192.0,12.0,59.0,11.0,122.0
Corrie E.,1.0,1.0,0.0,0.0,330.0,0.0,0.0,0.0
Costa A.,11.0,9.0,0.0,4.0,100.0,4.0,0.0,0.0
Couacaud E.,11.0,11.0,0.0,2.0,177.0,1.0,0.0,1.0
Cox D.,5.0,4.0,0.0,0.0,272.0,0.0,0.0,0.0
Cressy M.,100.0,57.0,4.0,43.0,32.0,1.0,13.0,29.0
Crivoi V.,40.0,26.0,0.0,12.0,79.0,9.0,1.0,2.0
Cruciat A.,2.0,2.0,0.0,0.0,183.0,0.0,0.0,0.0
Crugnola M.,3.0,3.0,0.0,0.0,237.0,0.0,0.0,0.0
Cuadrado C.,5.0,3.0,0.0,3.0,308.0,3.0,0.0,0.0
Cuevas P.,408.0,120.0,10.0,203.0,20.0,145.0,7.0,51.0
Cuevas P. ,2.0,1.0,0.0,1.0,50.0,0.0,0.0,1.0
Cui J.,1.0,1.0,0.0,0.0,583.0,0.0,0.0,0.0
Dabul B.,40.0,28.0,0.0,13.0,84.0,6.0,2.0,5.0
Damm M.,2.0,2.0,0.0,1.0,204.0,0.0,0.0,1.0
Dancevic F.,123.0,49.0,2.0,48.0,67.0,0.0,19.0,29.0
Daniel M.,71.0,43.0,0.0,18.0,73.0,16.0,1.0,1.0
Daniel T.,214.0,105.0,2.0,75.0,63.0,34.0,0.0,41.0
Darcis S.,186.0,82.0,3.0,82.0,38.0,24.0,12.0,46.0
Darderi L.,50.0,36.0,1.0,24.0,32.0,20.0,2.0,2.0
Dasnieres de Veigy J.,6.0,4.0,0.0,1.0,227.0,1.0,0.0,0.0
Davidovich Fokina A.,214.0,76.0,1.0,107.0,21.0,40.0,6.0,61.0
Davletshin V.,1.0,1.0,0.0,0.0,620.0,0.0,0.0,0.0
Davydenko N.,529.0,110.0,21.0,344.0,3.0,109.0,8.0,227.0
Davydenko N. ,4.0,2.0,0.0,3.0,7.0,0.0,0.0,3.0
Davydenko P.,3.0,2.0,0.0,1.0,658.0,1.0,0.0,0.0
De Bakker T.,127.0,70.0,0.0,50.0,43.0,21.0,6.0,23.0
De Chaunac S.,10.0,6.0,0.0,5.0,144.0,0.0,0.0,5.0
De Greef A.,8.0,6.0,0.0,3.0,127.0,2.0,0.0,1.0
De Heart R.,2.0,1.0,0.0,1.0,261.0,0.0,0.0,1.0
De Jong J.,10.0,10.0,0.0,2.0,141.0,1.0,0.0,1.0
De Loore J.,2.0,2.0,0.0,0.0,174.0,0.0,0.0,0.0
De Minaur A.,344.0,89.0,16.0,209.0,7.0,26.0,32.0,151.0
De Paula F.,1.0,1.0,0.0,0.0,458.0,0.0,0.0,0.0
De Schepper K.,85.0,44.0,0.0,24.0,62.0,5.0,7.0,12.0
De Voest R.,26.0,18.0,0.0,6.0,122.0,0.0,1.0,5.0
Decoud S.,8.0,6.0,0.0,4.0,173.0,4.0,0.0,0.0
Deen Heshaam A.,1.0,1.0,0.0,0.0,1557.0,0.0,0.0,0.0
Deheart R.,2.0,2.0,0.0,0.0,226.0,0.0,0.0,0.0
Del Bonis F.,13.0,9.0,0.0,6.0,146.0,6.0,0.0,0.0
Del Potro J.,3.0,2.0,0.0,2.0,75.0,2.0,0.0,0.0
Del Potro J. M.,2.0,2.0,0.0,1.0,30.0,1.0,0.0,0.0
Del Potro J.M.,551.0,114.0,34.0,398.0,3.0,71.0,35.0,292.0
Delbonis F.,334.0,113.0,4.0,147.0,33.0,122.0,0.0,25.0
Delgado J.,3.0,3.0,0.0,1.0,240.0,0.0,1.0,0.0
Delgado R.,18.0,16.0,0.0,5.0,103.0,0.0,1.0,4.0
Delic A.,59.0,37.0,0.0,20.0,66.0,1.0,2.0,17.0
Delic M.,10.0,8.0,0.0,2.0,181.0,2.0,0.0,0.0
Dell'Acqua M.,2.0,1.0,0.0,1.0,472.0,0.0,1.0,0.0
Dellien H.,73.0,38.0,0.0,21.0,76.0,21.0,0.0,0.0
Demoliner M.,2.0,2.0,0.0,1.0,1184.0,1.0,0.0,0.0
Dent T.,79.0,46.0,0.0,35.0,21.0,2.0,3.0,30.0
Desein N.,3.0,3.0,0.0,0.0,170.0,0.0,0.0,0.0
Dev Varman S.,3.0,2.0,0.0,0.0,1035.0,0.0,0.0,0.0
Devilder N.,60.0,37.0,0.0,16.0,60.0,11.0,2.0,3.0
Devvarman S.,109.0,52.0,1.0,44.0,65.0,6.0,2.0,36.0
Di Mauro A.,1.0,1.0,0.0,0.0,257.0,0.0,0.0,0.0
Diallo G.,18.0,11.0,1.0,7.0,105.0,0.0,0.0,7.0
Diaz Acosta F.,40.0,26.0,1.0,18.0,52.0,16.0,0.0,2.0
Diez S.,8.0,8.0,0.0,1.0,192.0,0.0,0.0,1.0
Dimitrov G.,707.0,115.0,21.0,431.0,3.0,94.0,44.0,293.0
Djere L.,267.0,104.0,5.0,129.0,32.0,81.0,6.0,42.0
Djokovic M.,3.0,3.0,0.0,0.0,869.0,0.0,0.0,0.0
Djokovic N.,1201.0,98.0,136.0,1016.0,1.0,261.0,113.0,642.0
Djokovic N. ,8.0,3.0,1.0,6.0,2.0,0.0,0.0,6.0
Djuric B.,1.0,1.0,0.0,0.0,781.0,0.0,0.0,0.0
Dlouhy L.,60.0,43.0,0.0,16.0,74.0,10.0,1.0,5.0
Do M.Q.,1.0,1.0,0.0,0.0,1422.0,0.0,0.0,0.0
Dodig I.,232.0,88.0,2.0,110.0,29.0,25.0,14.0,71.0
Dodig M.,2.0,2.0,0.0,1.0,310.0,1.0,0.0,0.0
Dolgopolov A.,3.0,3.0,0.0,0.0,89.0,0.0,0.0,0.0
Dolgopolov O.,389.0,113.0,9.0,206.0,13.0,61.0,22.0,123.0
Domingues J.,10.0,9.0,0.0,4.0,169.0,4.0,0.0,0.0
Donaldson J.,106.0,48.0,0.0,44.0,48.0,4.0,5.0,35.0
Donati M.,2.0,1.0,0.0,1.0,282.0,1.0,0.0,0.0
Donski A.,1.0,1.0,0.0,0.0,1529.0,0.0,0.0,0.0
Donskoy E.,159.0,78.0,0.0,48.0,66.0,6.0,4.0,38.0
Dorsch B.,3.0,3.0,0.0,0.0,215.0,0.0,0.0,0.0
Dougaz A.,1.0,1.0,0.0,0.0,235.0,0.0,0.0,0.0
Draper J.,111.0,53.0,4.0,73.0,15.0,8.0,15.0,50.0
Droguet T.,4.0,3.0,0.0,1.0,141.0,0.0,0.0,1.0
Dubrivnyy A.,1.0,1.0,0.0,0.0,424.0,0.0,0.0,0.0
Duckworth J.,167.0,73.0,1.0,63.0,51.0,5.0,11.0,47.0
Duclos P.L.,4.0,3.0,0.0,1.0,244.0,0.0,0.0,1.0
Dupuis A.,16.0,10.0,0.0,8.0,111.0,1.0,6.0,1.0
Durasovic V.,2.0,2.0,0.0,0.0,354.0,0.0,0.0,0.0
Dustov F.,6.0,5.0,0.0,0.0,142.0,0.0,0.0,0.0
Dutra Da Silva D.,1.0,1.0,0.0,0.0,215.0,0.0,0.0,0.0
Dutra Da Silva R.,1.0,1.0,0.0,0.0,114.0,0.0,0.0,0.0
Dutra Silva R.,77.0,40.0,0.0,21.0,94.0,15.0,0.0,6.0
Dzumhur D.,223.0,86.0,4.0,101.0,23.0,24.0,10.0,67.0
Eaton C.,2.0,1.0,0.0,1.0,661.0,0.0,1.0,0.0
Ebden M.,192.0,89.0,1.0,70.0,43.0,2.0,19.0,49.0
Ebelthite C.,1.0,1.0,0.0,0.0,254.0,0.0,0.0,0.0
Echagaray B.,4.0,3.0,0.0,0.0,181.0,0.0,0.0,0.0
Economidis K.,10.0,10.0,0.0,1.0,123.0,1.0,0.0,0.0
Edmund K.,224.0,78.0,3.0,109.0,14.0,23.0,11.0,75.0
Ehrat S.,3.0,2.0,0.0,0.0,427.0,0.0,0.0,0.0
Eitzinger R.,9.0,7.0,0.0,3.0,205.0,2.0,0.0,1.0
El Aarej M.,1.0,1.0,0.0,0.0,589.0,0.0,0.0,0.0
El Amrani R.,6.0,3.0,0.0,2.0,286.0,2.0,0.0,0.0
El Aynaoui Y.,18.0,12.0,0.0,9.0,189.0,5.0,0.0,4.0
Eleskovic E.,7.0,5.0,0.0,2.0,543.0,2.0,0.0,0.0
Elgin M.,7.0,3.0,0.0,2.0,145.0,0.0,0.0,2.0
Elias G.,64.0,41.0,0.0,22.0,61.0,19.0,0.0,3.0
Elseneer G.,2.0,2.0,0.0,0.0,177.0,0.0,0.0,0.0
Elsner D.,2.0,2.0,0.0,1.0,339.0,1.0,0.0,0.0
Emmrich M.,1.0,1.0,0.0,0.0,994.0,0.0,0.0,0.0
Engel J.,2.0,2.0,0.0,1.0,458.0,0.0,0.0,1.0
Enqvist T.,3.0,2.0,0.0,1.0,155.0,0.0,0.0,1.0
Eriksson M.,4.0,3.0,0.0,0.0,399.0,0.0,0.0,0.0
Erler A.,2.0,1.0,0.0,1.0,337.0,1.0,0.0,0.0
Eschauer W.,30.0,23.0,1.0,7.0,52.0,5.0,1.0,1.0
Escobar G.,2.0,2.0,0.0,0.0,364.0,0.0,0.0,0.0
Escobedo E.,58.0,33.0,0.0,19.0,75.0,3.0,2.0,14.0
Escoffier A.,1.0,1.0,0.0,0.0,172.0,0.0,0.0,0.0
Estrella Burgos V.,104.0,51.0,3.0,45.0,48.0,32.0,4.0,9.0
Estrella V.,1.0,1.0,0.0,0.0,243.0,0.0,0.0,0.0
Etcheverry T.,126.0,63.0,3.0,57.0,27.0,34.0,2.0,21.0
Eubanks C.,100.0,53.0,1.0,40.0,29.0,1.0,15.0,24.0
Evans B.,17.0,12.0,0.0,6.0,121.0,0.0,4.0,2.0
Evans D.,279.0,98.0,4.0,128.0,21.0,17.0,16.0,95.0
Eysseric J.,4.0,3.0,0.0,0.0,290.0,0.0,0.0,0.0
Fabbiano T.,87.0,55.0,0.0,25.0,70.0,5.0,8.0,12.0
Falla A.,229.0,91.0,2.0,84.0,52.0,19.0,15.0,50.0
Falla A. ,1.0,1.0,0.0,0.0,98.0,0.0,0.0,0.0
Fancutt T.,1.0,1.0,0.0,0.0,562.0,0.0,0.0,0.0
Fanselow S.,1.0,1.0,0.0,0.0,316.0,0.0,0.0,0.0
Farah R.,8.0,5.0,0.0,3.0,210.0,3.0,0.0,0.0
Faria J.,2.0,2.0,0.0,0.0,170.0,0.0,0.0,0.0
Faurel J.C.,8.0,8.0,0.0,2.0,175.0,0.0,0.0,2.0
Fearnley J.,5.0,5.0,0.0,2.0,99.0,0.0,1.0,1.0
Federer R.,979.0,73.0,115.0,830.0,1.0,148.0,131.0,551.0
Federer R. ,9.0,4.0,1.0,6.0,1.0,0.0,0.0,6.0
Ferreira Silva F.,2.0,2.0,0.0,0.0,185.0,0.0,0.0,0.0
Ferreiro F.,4.0,3.0,0.0,2.0,192.0,2.0,0.0,0.0
Ferrer D.,874.0,140.0,48.0,594.0,3.0,237.0,38.0,319.0
Ferrer D. ,1.0,1.0,0.0,1.0,18.0,0.0,0.0,1.0
Ferrero J.C.,301.0,95.0,11.0,178.0,14.0,98.0,15.0,65.0
Ferrero J.C. ,1.0,1.0,0.0,0.0,22.0,0.0,0.0,0.0
Fery A.,2.0,2.0,0.0,0.0,247.0,0.0,0.0,0.0
Ficovich J.P.,3.0,2.0,0.0,1.0,244.0,1.0,0.0,0.0
Fidirko N.,1.0,1.0,0.0,0.0,934.0,0.0,0.0,0.0
Fils A.,89.0,47.0,4.0,50.0,20.0,16.0,5.0,29.0
Fischer M.,21.0,17.0,0.0,2.0,122.0,1.0,1.0,0.0
Fish A.,1.0,1.0,0.0,0.0,56.0,0.0,0.0,0.0
Fish M.,323.0,86.0,12.0,198.0,7.0,19.0,27.0,152.0
Fleishman Z.,15.0,10.0,0.0,5.0,141.0,0.0,0.0,5.0
Fleming C.,2.0,1.0,0.0,0.0,110.0,0.0,0.0,0.0
Fognini F.,746.0,167.0,19.0,384.0,9.0,222.0,24.0,138.0
Fonseca J.,12.0,9.0,0.0,5.0,217.0,5.0,0.0,0.0
Forbes M.,1.0,1.0,0.0,0.0,1848.0,0.0,0.0,0.0
Forejtek J.,2.0,1.0,0.0,1.0,399.0,0.0,0.0,1.0
Fornell M.,1.0,1.0,0.0,0.0,284.0,0.0,0.0,0.0
Fraile G.,6.0,6.0,0.0,0.0,135.0,0.0,0.0,0.0
Fratangelo B.,61.0,34.0,0.0,21.0,103.0,5.0,3.0,13.0
Friberg K.,1.0,1.0,0.0,0.0,433.0,0.0,0.0,0.0
Fritz T.,433.0,104.0,16.0,256.0,5.0,46.0,32.0,178.0
Fruttero J.P.,1.0,1.0,0.0,0.0,205.0,0.0,0.0,0.0
Fucsovics M.,276.0,97.0,4.0,135.0,35.0,38.0,15.0,82.0
Furness E.,1.0,1.0,0.0,0.0,208.0,0.0,0.0,0.0
Fyrstenberg M.,2.0,2.0,0.0,0.0,1469.0,0.0,0.0,0.0
Gabashvili T.,287.0,125.0,0.0,102.0,44.0,41.0,6.0,55.0
Gaio F.,18.0,14.0,0.0,3.0,124.0,3.0,0.0,0.0
Gakhov I.,4.0,4.0,0.0,1.0,198.0,1.0,0.0,0.0
Galan D.,3.0,2.0,0.0,2.0,153.0,2.0,0.0,0.0
Galan D.E.,104.0,54.0,0.0,40.0,56.0,21.0,5.0,14.0
Galarneau A.,2.0,1.0,0.0,0.0,192.0,0.0,0.0,0.0
Galdon P.,1.0,1.0,0.0,0.0,305.0,0.0,0.0,0.0
Galimberti G.,2.0,2.0,0.0,1.0,189.0,0.0,0.0,1.0
Gallardo Valles M.,1.0,1.0,0.0,0.0,346.0,0.0,0.0,0.0
Galovic V.,7.0,5.0,0.0,2.0,197.0,2.0,0.0,0.0
Galvani S.,27.0,19.0,0.0,8.0,102.0,3.0,2.0,3.0
Gambill J.M.,8.0,6.0,0.0,3.0,150.0,0.0,0.0,3.0
Gao X.,1.0,1.0,0.0,0.0,944.0,0.0,0.0,0.0
Garanganga T.,1.0,1.0,0.0,0.0,451.0,0.0,0.0,0.0
Garcia A.,7.0,6.0,0.0,0.0,126.0,0.0,0.0,0.0
Garcia-Lopez G.,584.0,176.0,9.0,263.0,24.0,118.0,25.0,120.0
Garcia-Lopez G. ,3.0,2.0,0.0,2.0,47.0,0.0,0.0,2.0
Gard C.,1.0,1.0,0.0,0.0,250.0,0.0,0.0,0.0
Garin C.,209.0,84.0,6.0,113.0,17.0,77.0,9.0,27.0
Garza D.,4.0,1.0,0.0,0.0,328.0,0.0,0.0,0.0
Gasquet R.,875.0,170.0,28.0,532.0,7.0,136.0,62.0,334.0
Gasquet R. ,3.0,2.0,0.0,2.0,57.0,0.0,0.0,2.0
Gaston H.,90.0,45.0,2.0,38.0,58.0,18.0,3.0,17.0
Gaudio G.,101.0,52.0,3.0,50.0,8.0,37.0,1.0,12.0
Geerts M.,1.0,1.0,0.0,0.0,268.0,0.0,0.0,0.0
Gensse A.,4.0,3.0,0.0,1.0,433.0,1.0,0.0,0.0
Gerasimov E.,95.0,49.0,1.0,44.0,72.0,3.0,2.0,39.0
Ghedin R.,3.0,3.0,0.0,0.0,319.0,0.0,0.0,0.0
Ghem A.,7.0,6.0,0.0,2.0,260.0,2.0,0.0,0.0
Giannessi A.,35.0,25.0,0.0,12.0,104.0,11.0,0.0,1.0
Gicquel M.,188.0,75.0,3.0,86.0,39.0,25.0,10.0,51.0
Gigante M.,2.0,2.0,0.0,1.0,139.0,1.0,0.0,0.0
Gigounon G.,1.0,1.0,0.0,0.0,209.0,0.0,0.0,0.0
Gil F.,112.0,54.0,1.0,47.0,62.0,32.0,1.0,14.0
Gimelstob J.,53.0,37.0,1.0,18.0,73.0,2.0,6.0,10.0
Gimeno Valero C.,1.0,1.0,0.0,0.0,369.0,0.0,0.0,0.0
Gimeno-Traver D.,247.0,108.0,1.0,85.0,44.0,66.0,2.0,17.0
Gimeno-Traver D. ,1.0,1.0,0.0,0.0,77.0,0.0,0.0,0.0
Ginepri R.,233.0,82.0,1.0,115.0,16.0,11.0,8.0,96.0
Giraldo S.,312.0,122.0,2.0,132.0,28.0,69.0,12.0,51.0
Giron M.,217.0,86.0,3.0,100.0,37.0,15.0,16.0,69.0
Giustino L.,8.0,8.0,0.0,1.0,157.0,1.0,0.0,0.0
Goffin D.,536.0,123.0,15.0,302.0,7.0,83.0,29.0,190.0
Gojo B.,24.0,20.0,0.0,8.0,72.0,1.0,0.0,7.0
Gojowczyk P.,164.0,72.0,3.0,73.0,39.0,7.0,12.0,54.0
Golding O.,3.0,3.0,0.0,0.0,491.0,0.0,0.0,0.0
Goldstein P.,72.0,41.0,0.0,32.0,58.0,4.0,4.0,24.0
Golubev A.,150.0,77.0,3.0,48.0,33.0,16.0,1.0,31.0
Gombos N.,66.0,40.0,0.0,21.0,81.0,9.0,0.0,12.0
Gomez A.,2.0,1.0,0.0,1.0,698.0,1.0,0.0,0.0
Gomez E.,26.0,21.0,0.0,7.0,90.0,2.0,0.0,5.0
Gomez F.,3.0,3.0,0.0,1.0,174.0,0.0,0.0,1.0
Gomez L.,6.0,4.0,0.0,0.0,492.0,0.0,0.0,0.0
Gomez-Herrera C.,1.0,1.0,0.0,0.0,671.0,0.0,0.0,0.0
Gong M.X.,4.0,2.0,0.0,0.0,356.0,0.0,0.0,0.0
Gonzalez A.,44.0,32.0,0.0,10.0,74.0,5.0,0.0,5.0
Gonzalez F.,277.0,77.0,10.0,184.0,5.0,68.0,15.0,101.0
Gonzalez F. ,1.0,1.0,0.0,0.0,11.0,0.0,0.0,0.0
Gonzalez M.,85.0,48.0,0.0,28.0,62.0,25.0,0.0,3.0
Gonzalez S.,8.0,4.0,0.0,1.0,168.0,1.0,0.0,0.0
Goodall J.,10.0,8.0,0.0,1.0,201.0,0.0,1.0,0.0
Goransson T.,2.0,2.0,0.0,0.0,800.0,0.0,0.0,0.0
Granollers G.,1.0,1.0,0.0,0.0,280.0,0.0,0.0,0.0
Granollers M.,419.0,144.0,7.0,186.0,20.0,92.0,15.0,79.0
Granollers M. ,1.0,1.0,0.0,0.0,82.0,0.0,0.0,0.0
Granollers Pujol G.,1.0,1.0,0.0,0.0,331.0,0.0,0.0,0.0
Granollers-Pujol G.,2.0,1.0,0.0,0.0,265.0,0.0,0.0,0.0
Granollers-Pujol M.,1.0,1.0,0.0,0.0,291.0,0.0,0.0,0.0
Gray A.,3.0,2.0,0.0,1.0,288.0,0.0,1.0,0.0
Gregorc L.,11.0,6.0,0.0,6.0,434.0,0.0,0.0,6.0
Gremelmayr D.,79.0,49.0,0.0,28.0,66.0,11.0,2.0,15.0
Grenier H.,23.0,20.0,0.0,7.0,116.0,2.0,1.0,4.0
Greul S.,113.0,67.0,0.0,43.0,58.0,20.0,3.0,20.0
Greul S. ,1.0,1.0,0.0,0.0,56.0,0.0,0.0,0.0
Griekspoor T.,154.0,66.0,3.0,78.0,23.0,15.0,16.0,47.0
Grigelis L.,1.0,1.0,0.0,0.0,243.0,0.0,0.0,0.0
Grosjean S.,122.0,55.0,1.0,57.0,18.0,8.0,8.0,41.0
Groth S.,89.0,44.0,0.0,33.0,53.0,2.0,12.0,19.0
Guccione A.,3.0,2.0,0.0,1.0,92.0,0.0,1.0,0.0
Guccione C.,72.0,41.0,2.0,25.0,86.0,0.0,2.0,23.0
Guez D.,17.0,11.0,0.0,2.0,133.0,0.0,0.0,2.0
Guinard M.,9.0,8.0,0.0,3.0,146.0,2.0,0.0,1.0
Gulbis E.,434.0,133.0,7.0,211.0,10.0,63.0,14.0,134.0
Gunneswaran P.,28.0,20.0,0.0,7.0,84.0,0.0,2.0,5.0
Gutierrez-Ferrol S.,4.0,2.0,0.0,2.0,544.0,2.0,0.0,0.0
Guzman J.,1.0,1.0,0.0,0.0,100.0,0.0,0.0,0.0
Guzman J.P.,13.0,10.0,0.0,4.0,103.0,4.0,0.0,0.0
Haas T.,390.0,103.0,12.0,245.0,9.0,48.0,33.0,164.0
Haase R.,441.0,134.0,5.0,194.0,36.0,73.0,22.0,99.0
Hadad A.,3.0,3.0,0.0,1.0,344.0,0.0,0.0,1.0
Haehnel J.,7.0,7.0,0.0,0.0,142.0,0.0,0.0,0.0
Haider-Mauer A.,3.0,3.0,0.0,1.0,254.0,1.0,0.0,0.0
Haider-Maurer A.,103.0,61.0,1.0,37.0,47.0,22.0,4.0,11.0
Hajek J.,87.0,53.0,0.0,24.0,75.0,17.0,0.0,7.0
Halebian A.,1.0,1.0,0.0,0.0,644.0,0.0,0.0,0.0
Halys Q.,95.0,54.0,1.0,34.0,62.0,9.0,6.0,19.0
Hamou M.,3.0,3.0,0.0,0.0,225.0,0.0,0.0,0.0
Hanescu V.,296.0,113.0,5.0,130.0,27.0,85.0,6.0,39.0
Hanescu V. ,1.0,1.0,0.0,0.0,36.0,0.0,0.0,0.0
Hanfmann Y.,144.0,65.0,2.0,68.0,46.0,46.0,7.0,15.0
Hank T.,3.0,2.0,0.0,0.0,446.0,0.0,0.0,0.0
Hardt N.,2.0,1.0,0.0,1.0,229.0,1.0,0.0,0.0
Harris A.,3.0,2.0,0.0,1.0,162.0,0.0,0.0,1.0
Harris B.,14.0,9.0,0.0,7.0,114.0,0.0,6.0,1.0
Harris L.,132.0,67.0,2.0,60.0,31.0,6.0,8.0,46.0
Harrison C.,14.0,11.0,0.0,6.0,198.0,0.0,2.0,4.0
Harrison R.,262.0,84.0,4.0,109.0,41.0,12.0,12.0,85.0
Hartfield D.,44.0,28.0,0.0,16.0,73.0,13.0,0.0,3.0
Hassan B.,4.0,4.0,0.0,0.0,161.0,0.0,0.0,0.0
Healey N.,12.0,8.0,0.0,4.0,163.0,0.0,1.0,3.0
Heide G.,5.0,4.0,0.0,2.0,174.0,2.0,0.0,0.0
Hemery C.,11.0,9.0,0.0,2.0,127.0,2.0,0.0,0.0
Henman T.,77.0,46.0,1.0,38.0,12.0,3.0,7.0,28.0
Herbert P-H.,1.0,1.0,0.0,0.0,131.0,0.0,0.0,0.0
Herbert P.H,15.0,10.0,1.0,8.0,95.0,1.0,0.0,7.0
Herbert P.H.,206.0,81.0,3.0,89.0,36.0,16.0,12.0,61.0
Hernandez A.,2.0,2.0,0.0,0.0,521.0,0.0,0.0,0.0
Hernandez O.,138.0,70.0,0.0,49.0,48.0,43.0,1.0,5.0
Hernandez-Fernandez J,1.0,1.0,0.0,0.0,266.0,0.0,0.0,0.0
Hernandez-Fernandez J.,1.0,1.0,0.0,0.0,250.0,0.0,0.0,0.0
Hernych J.,136.0,70.0,1.0,53.0,60.0,10.0,14.0,29.0
Hernych J. ,2.0,2.0,0.0,1.0,59.0,0.0,0.0,1.0
Heuberger I.,2.0,2.0,0.0,0.0,183.0,0.0,0.0,0.0
Hewitt L.,331.0,89.0,10.0,202.0,3.0,30.0,53.0,119.0
Hijikata R.,60.0,38.0,0.0,25.0,65.0,1.0,6.0,18.0
Hoang A.,19.0,13.0,0.0,6.0,104.0,2.0,1.0,3.0
Hocevar R.,5.0,5.0,0.0,0.0,170.0,0.0,0.0,0.0
Holmgren A.,1.0,1.0,0.0,0.0,901.0,0.0,0.0,0.0
Holt B.,9.0,8.0,0.0,2.0,195.0,0.0,0.0,2.0
Hong S.,5.0,4.0,0.0,2.0,175.0,0.0,0.0,2.0
Horansky F.,8.0,8.0,0.0,1.0,164.0,1.0,0.0,0.0
Horna L.,106.0,59.0,2.0,49.0,43.0,36.0,0.0,13.0
Hossam K.,1.0,1.0,0.0,0.0,338.0,0.0,0.0,0.0
Hrbaty D.,129.0,63.0,1.0,60.0,17.0,8.0,1.0,51.0
Hsu Y.,6.0,4.0,0.0,3.0,184.0,0.0,0.0,3.0
Huesler M.A.,68.0,46.0,1.0,24.0,47.0,8.0,2.0,14.0
Humbert U.,243.0,88.0,8.0,127.0,13.0,13.0,24.0,90.0
Hurkacz H.,312.0,85.0,11.0,190.0,6.0,35.0,25.0,130.0
Hussey G.,2.0,2.0,0.0,1.0,359.0,0.0,1.0,0.0
Huta Galung J.,28.0,21.0,0.0,3.0,92.0,0.0,1.0,2.0
Ianni S.,1.0,1.0,0.0,0.0,559.0,0.0,0.0,0.0
Idmbarek Y.,2.0,2.0,0.0,0.0,1064.0,0.0,0.0,0.0
Ignatik U.,1.0,1.0,0.0,0.0,421.0,0.0,0.0,0.0
Ilhan M.,70.0,48.0,0.0,16.0,77.0,4.0,3.0,9.0
Ilkel C.,20.0,12.0,0.0,3.0,188.0,0.0,0.0,3.0
Inglot D.,1.0,1.0,0.0,0.0,941.0,0.0,0.0,0.0
Ionita V.,2.0,2.0,0.0,0.0,271.0,0.0,0.0,0.0
Isner J.,748.0,124.0,31.0,464.0,9.0,75.0,51.0,338.0
Isner J. ,2.0,1.0,0.0,1.0,40.0,0.0,0.0,1.0
Istomin D.,412.0,139.0,4.0,185.0,33.0,38.0,33.0,114.0
Ito T.,81.0,46.0,0.0,27.0,63.0,3.0,8.0,16.0
Ito Y.,1.0,1.0,0.0,0.0,622.0,0.0,0.0,0.0
Ittogi T.,1.0,1.0,0.0,0.0,1511.0,0.0,0.0,0.0
Ivashka I.,156.0,72.0,1.0,75.0,42.0,13.0,12.0,50.0
Iwabuchi S.,6.0,4.0,0.0,2.0,339.0,0.0,0.0,2.0
Iwami T.,1.0,1.0,0.0,0.0,557.0,0.0,0.0,0.0
Jacquet K.,1.0,1.0,0.0,0.0,209.0,0.0,0.0,0.0
Janowicz J.,158.0,63.0,2.0,77.0,14.0,13.0,15.0,49.0
Janvier M.,6.0,5.0,0.0,0.0,190.0,0.0,0.0,0.0
Jarry N.,192.0,81.0,7.0,96.0,18.0,58.0,8.0,30.0
Jasika O.,5.0,3.0,0.0,1.0,290.0,0.0,0.0,1.0
Jaziri M.,208.0,80.0,1.0,80.0,44.0,21.0,7.0,52.0
Jelenic P.,2.0,2.0,0.0,1.0,544.0,0.0,0.0,1.0
Jenkins S.,17.0,9.0,0.0,5.0,196.0,2.0,1.0,2.0
Jeong S.Y.,1.0,1.0,0.0,0.0,332.0,0.0,0.0,0.0
Johansson J.,21.0,7.0,0.0,13.0,14.0,0.0,0.0,13.0
Johansson T.,118.0,57.0,3.0,54.0,13.0,5.0,1.0,48.0
Johnson S.,386.0,98.0,6.0,187.0,21.0,34.0,34.0,119.0
Jones A.,7.0,6.0,0.0,2.0,137.0,0.0,0.0,2.0
Jones G.,7.0,6.0,0.0,1.0,198.0,0.0,0.0,1.0
Jones G.D.,1.0,1.0,0.0,0.0,1214.0,0.0,0.0,0.0
Jorda Sanchis D.,2.0,1.0,0.0,1.0,329.0,1.0,0.0,0.0
Jouan R.,5.0,4.0,0.0,1.0,274.0,0.0,0.0,1.0
Jubb P.,9.0,6.0,0.0,3.0,201.0,0.0,3.0,0.0
Jun W.,1.0,1.0,0.0,0.0,360.0,0.0,0.0,0.0
Jun W.S.,6.0,5.0,0.0,1.0,293.0,0.0,0.0,1.0
Junaid R.,2.0,2.0,0.0,0.0,413.0,0.0,0.0,0.0
Jung J.,30.0,19.0,0.0,10.0,127.0,0.0,4.0,6.0
Junqueira D.,39.0,31.0,0.0,10.0,68.0,9.0,0.0,1.0
Kachmazov A.,9.0,6.0,0.0,4.0,252.0,0.0,0.0,4.0
Kadhe A.,4.0,2.0,0.0,0.0,392.0,0.0,0.0,0.0
Kamke T.,160.0,72.0,0.0,61.0,65.0,16.0,10.0,35.0
Karanusic R.,39.0,27.0,0.0,10.0,92.0,1.0,4.0,5.0
Karatsev A.,158.0,77.0,5.0,76.0,15.0,22.0,4.0,50.0
Karlovic I.,582.0,148.0,18.0,313.0,14.0,56.0,58.0,199.0
Karlovic I. ,1.0,1.0,0.0,0.0,38.0,0.0,0.0,0.0
Karlovskiy E.,1.0,1.0,0.0,0.0,218.0,0.0,0.0,0.0
Kasnikowski M.,1.0,1.0,0.0,0.0,194.0,0.0,0.0,0.0
Kavcic B.,112.0,62.0,0.0,35.0,71.0,16.0,2.0,17.0
Kecmanovic M.,267.0,113.0,4.0,131.0,28.0,39.0,15.0,77.0
Kendrick R.,85.0,48.0,0.0,25.0,74.0,1.0,4.0,20.0
Kern R.,3.0,1.0,0.0,0.0,392.0,0.0,0.0,0.0
Khachanov K.,444.0,101.0,9.0,255.0,8.0,66.0,22.0,167.0
Khaddari H.,1.0,1.0,0.0,0.0,513.0,0.0,0.0,0.0
Khalfan S.,1.0,1.0,0.0,0.0,1116.0,0.0,0.0,0.0
Kicker N.,45.0,31.0,0.0,18.0,86.0,14.0,0.0,4.0
Kiefer N.,131.0,57.0,3.0,80.0,11.0,18.0,8.0,54.0
Kim K,1.0,1.0,0.0,0.0,181.0,0.0,0.0,0.0
Kim K.,83.0,49.0,0.0,21.0,70.0,1.0,1.0,19.0
Kimmich M.,1.0,1.0,0.0,0.0,313.0,0.0,0.0,0.0
Kindlmann D.,10.0,8.0,0.0,1.0,162.0,1.0,0.0,0.0
King D.,12.0,8.0,0.0,3.0,168.0,0.0,0.0,3.0
King E.,4.0,4.0,0.0,1.0,347.0,0.0,0.0,1.0
King K.,7.0,6.0,0.0,1.0,304.0,0.0,0.0,1.0
King P.,4.0,4.0,0.0,1.0,360.0,0.0,0.0,1.0
King-Turner D.,5.0,2.0,0.0,0.0,263.0,0.0,0.0,0.0
Kirchheimer S.,2.0,1.0,0.0,0.0,416.0,0.0,0.0,0.0
Kirillov E.,2.0,2.0,0.0,0.0,378.0,0.0,0.0,0.0
Kirkin E.,2.0,1.0,0.0,0.0,446.0,0.0,0.0,0.0
Klaasen R.,8.0,4.0,0.0,4.0,307.0,0.0,2.0,2.0
Klahn B.,56.0,39.0,0.0,13.0,63.0,0.0,2.0,11.0
Klec I.,6.0,5.0,0.0,1.0,224.0,0.0,0.0,1.0
Klein B.,13.0,10.0,0.0,3.0,177.0,0.0,1.0,2.0
Klein L.,24.0,16.0,0.0,10.0,118.0,3.0,1.0,6.0
Klizan M.,252.0,102.0,7.0,121.0,28.0,63.0,4.0,54.0
Kloer S.,1.0,1.0,0.0,0.0,495.0,0.0,0.0,0.0
Knittel B.,5.0,4.0,0.0,1.0,187.0,1.0,0.0,0.0
Koellerer D.,45.0,28.0,0.0,17.0,36.0,10.0,0.0,7.0
Koellerer D. ,1.0,1.0,0.0,0.0,74.0,0.0,0.0,0.0
Koepfer D.,120.0,54.0,0.0,52.0,49.0,17.0,4.0,31.0
Kohlmann M.,1.0,1.0,0.0,0.0,1494.0,0.0,0.0,0.0
Kohlschreiber P.,727.0,128.0,17.0,410.0,18.0,152.0,53.0,205.0
Kohlschreiber P. ,1.0,1.0,0.0,0.0,26.0,0.0,0.0,0.0
Kohlschreiber P..,1.0,1.0,0.0,1.0,24.0,0.0,0.0,1.0
Kokkinakis T.,147.0,62.0,2.0,67.0,65.0,8.0,5.0,54.0
Kolar Z.,4.0,4.0,0.0,1.0,134.0,1.0,0.0,0.0
Kondo H.,1.0,1.0,0.0,0.0,589.0,0.0,0.0,0.0
Koning M.,1.0,1.0,0.0,0.0,793.0,0.0,0.0,0.0
Kontinen H.,3.0,2.0,0.0,1.0,253.0,0.0,1.0,0.0
Kopriva V.,16.0,11.0,0.0,5.0,112.0,4.0,0.0,1.0
Korda S.,191.0,73.0,8.0,116.0,18.0,23.0,16.0,77.0
Korolev E.,146.0,77.0,1.0,61.0,50.0,20.0,2.0,39.0
Korolev E. ,3.0,2.0,0.0,2.0,58.0,0.0,0.0,2.0
Korteling S.,1.0,1.0,0.0,0.0,463.0,0.0,0.0,0.0
Kosakowski D.,3.0,3.0,0.0,1.0,482.0,0.0,0.0,1.0
Kotov P.,78.0,42.0,1.0,35.0,53.0,17.0,2.0,16.0
Koubek S.,114.0,57.0,2.0,51.0,47.0,11.0,1.0,39.0
Kovacevic A.,48.0,31.0,0.0,16.0,76.0,1.0,2.0,13.0
Kovalik J.,72.0,45.0,0.0,26.0,102.0,17.0,0.0,9.0
Kozlov S.,34.0,22.0,0.0,9.0,104.0,0.0,5.0,4.0
Krajan Z.,1.0,1.0,0.0,0.0,681.0,0.0,0.0,0.0
Krajicek A.,35.0,25.0,0.0,11.0,103.0,0.0,1.0,10.0
Krajinovic F.,230.0,84.0,5.0,110.0,26.0,33.0,5.0,72.0
Kratochvil M.,1.0,1.0,0.0,0.0,1511.0,0.0,0.0,0.0
Kravchuk K.,32.0,25.0,0.0,7.0,79.0,2.0,1.0,4.0
Krawietz K.,4.0,4.0,0.0,1.0,277.0,0.0,1.0,0.0
Krstin P.,5.0,4.0,0.0,1.0,195.0,1.0,0.0,0.0
Krueger M.,30.0,15.0,0.0,8.0,140.0,0.0,1.0,7.0
Krutykh O.,3.0,3.0,0.0,0.0,188.0,0.0,0.0,0.0
Kubler J.,52.0,29.0,0.0,22.0,66.0,7.0,7.0,8.0
Kubot L.,194.0,91.0,2.0,77.0,41.0,33.0,12.0,32.0
Kucera K.,4.0,3.0,0.0,2.0,141.0,0.0,1.0,1.0
Kudla D.,201.0,77.0,0.0,70.0,56.0,6.0,26.0,38.0
Kudryavtsev A.,19.0,14.0,0.0,5.0,60.0,0.0,0.0,5.0
Kuerten G.,16.0,12.0,0.0,2.0,287.0,1.0,0.0,1.0
Kuhn N.,10.0,9.0,0.0,2.0,211.0,1.0,0.0,1.0
Kukushkin M.,336.0,122.0,4.0,137.0,40.0,25.0,14.0,98.0
Kumantsov A.,1.0,1.0,0.0,0.0,365.0,0.0,0.0,0.0
Kumar O.,5.0,2.0,0.0,2.0,385.0,0.0,0.0,2.0
Kunitsyn I.,216.0,94.0,1.0,77.0,36.0,8.0,10.0,59.0
Kunitsyn I. ,1.0,1.0,0.0,0.0,81.0,0.0,0.0,0.0
Kutac R.,1.0,1.0,0.0,0.0,638.0,0.0,0.0,0.0
Kutrovsky D.,3.0,2.0,0.0,2.0,438.0,0.0,0.0,2.0
Kuzmanov D.,11.0,6.0,0.0,2.0,189.0,1.0,0.0,1.0
Kuznetsov A.,23.0,17.0,0.0,5.0,162.0,1.0,1.0,3.0
Kuznetsov Al.,21.0,14.0,0.0,5.0,127.0,1.0,1.0,3.0
Kuznetsov An.,154.0,75.0,0.0,63.0,40.0,27.0,6.0,30.0
Kwiatkowski T.S.,7.0,6.0,0.0,0.0,206.0,0.0,0.0,0.0
Kwon S.W.,116.0,57.0,2.0,55.0,53.0,7.0,3.0,45.0
Kym J.,1.0,1.0,0.0,0.0,140.0,0.0,0.0,0.0
Kypson P.,9.0,7.0,0.0,3.0,17.0,0.0,0.0,3.0
Kyrgios N.,279.0,72.0,11.0,186.0,13.0,25.0,32.0,129.0
Laaksonen H.,96.0,48.0,0.0,34.0,84.0,18.0,0.0,16.0
Labadze I.,6.0,5.0,0.0,3.0,150.0,1.0,2.0,0.0
Lacko L.,210.0,85.0,2.0,79.0,44.0,2.0,19.0,58.0
Lajal M.,3.0,3.0,0.0,1.0,229.0,0.0,0.0,1.0
Lajola D.,1.0,1.0,0.0,0.0,719.0,0.0,0.0,0.0
Lajovic D.,405.0,130.0,3.0,177.0,23.0,105.0,5.0,67.0
Lalami Laaroussi Y.,1.0,1.0,0.0,0.0,937.0,0.0,0.0,0.0
Lama G.,4.0,4.0,0.0,0.0,289.0,0.0,0.0,0.0
Lamasine T.,9.0,9.0,0.0,3.0,182.0,2.0,0.0,1.0
Lammer M.,17.0,11.0,0.0,4.0,209.0,1.0,0.0,3.0
Lammer M. ,2.0,2.0,0.0,1.0,167.0,0.0,0.0,1.0
Landaluce M.,6.0,6.0,0.0,1.0,322.0,0.0,0.0,1.0
Langer N.,3.0,2.0,0.0,1.0,340.0,1.0,0.0,0.0
Lapentti G.,16.0,12.0,0.0,4.0,114.0,1.0,0.0,3.0
Lapentti N.,113.0,67.0,1.0,46.0,58.0,31.0,1.0,14.0
Lazarov A.,5.0,3.0,0.0,1.0,334.0,0.0,0.0,1.0
Lazov A.,1.0,1.0,0.0,0.0,438.0,0.0,0.0,0.0
Ledovskikh M.,14.0,13.0,0.0,2.0,276.0,0.0,1.0,1.0
Lee D.H.,2.0,2.0,0.0,1.0,212.0,0.0,0.0,1.0
Lee H.T.,104.0,56.0,0.0,47.0,36.0,6.0,7.0,34.0
Lee M.,3.0,3.0,0.0,1.0,252.0,0.0,1.0,0.0
Lehecka J.,115.0,63.0,3.0,63.0,23.0,13.0,5.0,45.0
Lejnieks K.,2.0,2.0,0.0,1.0,664.0,0.0,0.0,1.0
Lemke J.,1.0,1.0,0.0,0.0,456.0,0.0,0.0,0.0
Lenz J.,2.0,2.0,0.0,0.0,270.0,0.0,0.0,0.0
Leshem E.,3.0,2.0,0.0,1.0,278.0,0.0,0.0,1.0
Lestienne C.,52.0,34.0,0.0,16.0,48.0,0.0,1.0,15.0
Levine I.,1.0,1.0,0.0,0.0,426.0,0.0,0.0,0.0
Levine J.,91.0,47.0,0.0,28.0,76.0,1.0,9.0,18.0
Levy H.,10.0,9.0,0.0,1.0,160.0,0.0,0.0,1.0
Li Z.,10.0,7.0,0.0,0.0,234.0,0.0,0.0,0.0
Li Zh.,1.0,1.0,0.0,0.0,602.0,0.0,0.0,0.0
Lindahl N.,9.0,8.0,0.0,1.0,243.0,0.0,0.0,1.0
Lindell C.,10.0,4.0,0.0,2.0,177.0,2.0,0.0,0.0
Linzer M.,2.0,2.0,0.0,0.0,354.0,0.0,0.0,0.0
Lipsky S.,1.0,1.0,0.0,0.0,1004.0,0.0,0.0,0.0
Lisnard J.,2.0,2.0,0.0,0.0,134.0,0.0,0.0,0.0
Lisnard J.R.,21.0,12.0,0.0,6.0,109.0,2.0,0.0,4.0
Ljubicic I.,352.0,87.0,18.0,223.0,3.0,49.0,18.0,156.0
Ljubicic I. ,1.0,1.0,0.0,0.0,25.0,0.0,0.0,0.0
Llamas Ruiz P.,8.0,5.0,0.0,4.0,152.0,3.0,0.0,1.0
Llodra M.,249.0,82.0,7.0,124.0,21.0,15.0,23.0,86.0
Lock B.,1.0,1.0,0.0,0.0,346.0,0.0,0.0,0.0
Loffhagen G.,2.0,2.0,0.0,0.0,371.0,0.0,0.0,0.0
Lojda D.,1.0,1.0,0.0,0.0,169.0,0.0,0.0,0.0
Lokoli L.,8.0,8.0,0.0,0.0,173.0,0.0,0.0,0.0
Londero J.I.,82.0,42.0,2.0,34.0,50.0,29.0,1.0,4.0
Lopez F.,738.0,167.0,15.0,369.0,12.0,90.0,69.0,210.0
Lopez F. ,2.0,1.0,0.0,1.0,46.0,0.0,0.0,1.0
Lopez M.,6.0,6.0,0.0,0.0,172.0,0.0,0.0,0.0
Lopez San Martin A.,1.0,1.0,0.0,0.0,550.0,0.0,0.0,0.0
Lopez Villasenor G.,4.0,2.0,0.0,0.0,518.0,0.0,0.0,0.0
Lopez-Jaen M.A.,3.0,3.0,0.0,1.0,264.0,1.0,0.0,0.0
Lopez-Perez E.,1.0,1.0,0.0,0.0,196.0,0.0,0.0,0.0
Lorenzi P.,278.0,120.0,4.0,101.0,33.0,56.0,5.0,40.0
Lu Y.,9.0,9.0,0.0,1.0,139.0,0.0,0.0,1.0
Lu Y.H.,309.0,98.0,1.0,131.0,33.0,4.0,22.0,105.0
Luczak P.,82.0,49.0,0.0,24.0,70.0,9.0,3.0,12.0
Luczak P. ,1.0,1.0,0.0,0.0,80.0,0.0,0.0,0.0
Luncanu P.A.,2.0,2.0,0.0,0.0,322.0,0.0,0.0,0.0
Luque D.,1.0,1.0,0.0,0.0,596.0,0.0,0.0,0.0
Luz O.,1.0,1.0,0.0,0.0,544.0,0.0,0.0,0.0
Luzzi F.,8.0,7.0,0.0,1.0,111.0,0.0,0.0,1.0
Maamoun K.,1.0,1.0,0.0,0.0,291.0,0.0,0.0,0.0
Machac T.,71.0,39.0,1.0,39.0,25.0,10.0,1.0,28.0
Machado R.,48.0,27.0,0.0,12.0,68.0,11.0,0.0,1.0
Mackin A.,5.0,5.0,0.0,0.0,233.0,0.0,0.0,0.0
Madaras D.,2.0,2.0,0.0,0.0,191.0,0.0,0.0,0.0
Maden Y.,26.0,15.0,0.0,9.0,109.0,4.0,0.0,5.0
Maestrelli F.,1.0,1.0,0.0,0.0,186.0,0.0,0.0,0.0
Mager G.,58.0,42.0,1.0,24.0,62.0,13.0,1.0,10.0
Mahut N.,359.0,99.0,6.0,168.0,37.0,16.0,64.0,88.0
Majchrzak K.,47.0,28.0,0.0,18.0,75.0,4.0,1.0,13.0
Malisse X.,264.0,94.0,5.0,136.0,31.0,11.0,30.0,95.0
Mamiit C.,3.0,2.0,0.0,1.0,236.0,0.0,0.0,1.0
Mannarino A.,615.0,149.0,15.0,283.0,19.0,21.0,66.0,196.0
Mansouri S.,1.0,1.0,0.0,0.0,296.0,0.0,0.0,0.0
Mantilla F.,8.0,7.0,0.0,2.0,88.0,2.0,0.0,0.0
Marach O.,40.0,26.0,0.0,14.0,88.0,11.0,0.0,3.0
Marcaccio G.,4.0,3.0,0.0,2.0,406.0,2.0,0.0,0.0
Marcan D.,2.0,2.0,0.0,0.0,354.0,0.0,0.0,0.0
Marchenko I.,125.0,68.0,0.0,44.0,50.0,3.0,5.0,36.0
Marcora R.,7.0,4.0,0.0,3.0,837.0,0.0,0.0,3.0
Marin J.A.,18.0,17.0,0.0,5.0,97.0,5.0,0.0,0.0
Marozsan F.,65.0,40.0,0.0,32.0,37.0,8.0,1.0,23.0
Marrai M.,1.0,1.0,0.0,0.0,414.0,0.0,0.0,0.0
Marray J.,2.0,2.0,0.0,0.0,263.0,0.0,0.0,0.0
Marrero D.,9.0,7.0,0.0,3.0,203.0,3.0,0.0,0.0
Marterer M.,112.0,58.0,0.0,36.0,45.0,16.0,4.0,16.0
Marti J.,13.0,10.0,0.0,2.0,170.0,1.0,1.0,0.0
Marti Y.,7.0,5.0,0.0,2.0,232.0,2.0,0.0,0.0
Martin A.,167.0,89.0,2.0,63.0,48.0,53.0,2.0,8.0
Martin A. ,1.0,1.0,0.0,0.0,119.0,0.0,0.0,0.0
Martin F.,1.0,1.0,0.0,0.0,350.0,0.0,0.0,0.0
Martineau M.,2.0,2.0,0.0,0.0,179.0,0.0,0.0,0.0
Martinez P.,152.0,78.0,3.0,65.0,39.0,42.0,2.0,21.0
Massa E.,11.0,8.0,0.0,5.0,240.0,3.0,0.0,2.0
Massu N.,166.0,78.0,5.0,74.0,30.0,54.0,0.0,20.0
Masur D.,6.0,5.0,0.0,1.0,209.0,1.0,0.0,0.0
Mathieu P.,1.0,1.0,0.0,0.0,44.0,0.0,0.0,0.0
Mathieu P.H.,404.0,127.0,7.0,197.0,14.0,74.0,18.0,105.0
Mathieu P.H. ,1.0,1.0,0.0,0.0,32.0,0.0,0.0,0.0
Matosevic M.,147.0,69.0,1.0,58.0,48.0,7.0,7.0,44.0
Matsui T.,3.0,3.0,0.0,1.0,443.0,0.0,0.0,1.0
Matsukevitch D.,4.0,4.0,0.0,1.0,385.0,0.0,0.0,1.0
Mayer F.,393.0,116.0,7.0,188.0,18.0,67.0,30.0,91.0
Mayer L.,346.0,136.0,5.0,162.0,18.0,87.0,16.0,59.0
Mayer L. ,2.0,2.0,0.0,1.0,64.0,0.0,0.0,1.0
Mayot H.,19.0,15.0,0.0,7.0,116.0,1.0,1.0,5.0
Mazarakis V.,2.0,2.0,0.0,0.0,126.0,0.0,0.0,0.0
McClune M.,1.0,1.0,0.0,0.0,614.0,0.0,0.0,0.0
Mccabe J.,4.0,4.0,0.0,0.0,342.0,0.0,0.0,0.0
Mcclune M.,2.0,2.0,0.0,1.0,416.0,0.0,0.0,1.0
Mcdonald M.,220.0,101.0,1.0,98.0,37.0,8.0,17.0,73.0
Mcgee J.,3.0,3.0,0.0,0.0,194.0,0.0,0.0,0.0
Mecir M.,4.0,3.0,0.0,1.0,187.0,0.0,0.0,1.0
Medjedovic H.,32.0,19.0,1.0,14.0,107.0,7.0,1.0,6.0
Medvedev D.,481.0,100.0,37.0,342.0,1.0,36.0,44.0,262.0
Medvedev D. ,3.0,2.0,0.0,0.0,4.0,0.0,0.0,0.0
Meffert D.,12.0,9.0,0.0,4.0,162.0,1.0,1.0,2.0
Meister N.,1.0,1.0,0.0,0.0,625.0,0.0,0.0,0.0
Mejia N.,2.0,2.0,0.0,0.0,236.0,0.0,0.0,0.0
Mektic N.,8.0,6.0,0.0,1.0,312.0,1.0,0.0,0.0
Meligeni Alves F.,9.0,8.0,0.0,3.0,144.0,1.0,0.0,2.0
Meligeni Rodrigues F,2.0,2.0,0.0,0.0,224.0,0.0,0.0,0.0
Mello R.,82.0,45.0,0.0,26.0,50.0,12.0,1.0,13.0
Melzer G.,44.0,24.0,0.0,15.0,68.0,14.0,0.0,1.0
Melzer J.,470.0,132.0,10.0,241.0,8.0,87.0,27.0,127.0
Mena F.,1.0,1.0,0.0,0.0,151.0,0.0,0.0,0.0
Menendez-Maceiras A.,24.0,16.0,0.0,6.0,114.0,2.0,1.0,3.0
Menezes J.,1.0,1.0,0.0,0.0,199.0,0.0,0.0,0.0
Mensik J.,38.0,21.0,1.0,24.0,51.0,5.0,2.0,17.0
Mergea F.,2.0,2.0,0.0,1.0,277.0,0.0,1.0,0.0
Mertens Y.,3.0,3.0,0.0,1.0,208.0,0.0,0.0,1.0
Mertinak M.,6.0,5.0,0.0,2.0,135.0,0.0,2.0,0.0
Mertl J.,2.0,2.0,0.0,1.0,306.0,1.0,0.0,0.0
Mesaros K.,1.0,1.0,0.0,0.0,295.0,0.0,0.0,0.0
Michelsen A.,71.0,45.0,3.0,37.0,43.0,3.0,9.0,25.0
Michon A.,2.0,2.0,0.0,1.0,206.0,1.0,0.0,0.0
Middelkoop M.,1.0,1.0,0.0,0.0,210.0,0.0,0.0,0.0
Miedler L.,3.0,3.0,0.0,0.0,522.0,0.0,0.0,0.0
Mikrut L.,1.0,1.0,0.0,0.0,350.0,0.0,0.0,0.0
Millman J.,249.0,110.0,3.0,110.0,36.0,17.0,13.0,80.0
Millot V.,29.0,20.0,0.0,8.0,147.0,0.0,0.0,8.0
Milojevic N.,14.0,8.0,0.0,6.0,129.0,4.0,0.0,2.0
Mina G.,4.0,3.0,0.0,0.0,269.0,0.0,0.0,0.0
Minar I.,78.0,54.0,0.0,23.0,63.0,11.0,2.0,10.0
Minar J.,2.0,2.0,0.0,0.0,197.0,0.0,0.0,0.0
Mirnyi M.,92.0,51.0,0.0,36.0,25.0,8.0,8.0,20.0
Misolic F.,17.0,11.0,1.0,8.0,139.0,7.0,0.0,1.0
Mitchell B.,5.0,3.0,0.0,0.0,326.0,0.0,0.0,0.0
Mmoh M.,65.0,36.0,0.0,28.0,86.0,3.0,1.0,24.0
Mo Y.,1.0,1.0,0.0,0.0,668.0,0.0,0.0,0.0
Mochizuki S.,19.0,15.0,0.0,3.0,146.0,0.0,0.0,3.0
Molcan A.,85.0,49.0,3.0,44.0,38.0,27.0,3.0,14.0
Molleker R.,18.0,12.0,0.0,5.0,152.0,4.0,1.0,0.0
Molteni A.,2.0,2.0,0.0,0.0,280.0,0.0,0.0,0.0
Monaco J.,490.0,126.0,18.0,278.0,10.0,185.0,6.0,87.0
Monaco J. ,2.0,1.0,0.0,1.0,30.0,0.0,0.0,1.0
Monfils G.,809.0,170.0,32.0,523.0,6.0,127.0,44.0,352.0
Monfils G. ,2.0,2.0,0.0,1.0,16.0,0.0,0.0,1.0
Montanes A.,385.0,115.0,7.0,186.0,22.0,153.0,5.0,28.0
Montanes A. ,2.0,2.0,0.0,1.0,34.0,0.0,0.0,1.0
Montcourt M.,14.0,10.0,0.0,4.0,114.0,4.0,0.0,0.0
Monteiro J.,1.0,1.0,0.0,0.0,502.0,0.0,0.0,0.0
Monteiro T.,187.0,79.0,0.0,76.0,61.0,55.0,2.0,19.0
Moodie W.,60.0,35.0,1.0,29.0,57.0,0.0,6.0,23.0
Moraing M.,3.0,3.0,0.0,1.0,253.0,1.0,0.0,0.0
Moraru G.,1.0,1.0,0.0,0.0,418.0,0.0,0.0,0.0
Moreno De Alboran N.,17.0,12.0,0.0,6.0,130.0,5.0,0.0,1.0
Moriya H.,14.0,10.0,0.0,3.0,146.0,0.0,0.0,3.0
Moro Canas A.,3.0,2.0,0.0,1.0,240.0,1.0,0.0,0.0
Moroni G.,2.0,1.0,0.0,1.0,265.0,1.0,0.0,0.0
Moroni G.M.,2.0,2.0,0.0,0.0,181.0,0.0,0.0,0.0
Morrison J.,9.0,6.0,0.0,3.0,139.0,0.0,0.0,3.0
Motomura G.,4.0,4.0,0.0,0.0,273.0,0.0,0.0,0.0
Mott B.,2.0,2.0,0.0,0.0,481.0,0.0,0.0,0.0
Moundir A.,1.0,1.0,0.0,0.0,720.0,0.0,0.0,0.0
Moutet C.,145.0,74.0,1.0,60.0,61.0,25.0,5.0,30.0
Moya C.,199.0,68.0,8.0,115.0,12.0,63.0,0.0,52.0
Mpetshi G.,33.0,23.0,2.0,18.0,31.0,4.0,4.0,10.0
Mu T.,1.0,1.0,0.0,0.0,573.0,0.0,0.0,0.0
Mukund S.,3.0,3.0,0.0,0.0,340.0,0.0,0.0,0.0
Muller A.,66.0,39.0,1.0,27.0,68.0,12.0,2.0,13.0
Muller G.,349.0,117.0,7.0,175.0,21.0,15.0,39.0,121.0
Munar J.,210.0,77.0,1.0,85.0,53.0,59.0,3.0,23.0
Munoz De La Nava D.,8.0,8.0,0.0,1.0,75.0,1.0,0.0,0.0
Munoz de La Nava D.,1.0,1.0,0.0,0.0,182.0,0.0,0.0,0.0
Munoz de la Nava D.,1.0,1.0,0.0,0.0,200.0,0.0,0.0,0.0
Munoz-De La Nava D.,27.0,18.0,0.0,8.0,71.0,5.0,0.0,3.0
Murray A.,917.0,138.0,67.0,666.0,1.0,97.0,101.0,468.0
Murray A. ,5.0,2.0,1.0,5.0,4.0,0.0,0.0,5.0
Musetti L.,211.0,79.0,5.0,117.0,16.0,50.0,17.0,50.0
Muster T.,3.0,3.0,0.0,0.0,974.0,0.0,0.0,0.0
Myneni S.,2.0,2.0,0.0,0.0,143.0,0.0,0.0,0.0
Nadal R.,1096.0,100.0,119.0,923.0,1.0,397.0,72.0,454.0
Nadal R. ,3.0,1.0,0.0,2.0,1.0,0.0,0.0,2.0
Nagal S.,37.0,30.0,0.0,8.0,68.0,6.0,0.0,2.0
Nakashima B.,162.0,74.0,3.0,84.0,35.0,11.0,12.0,61.0
Nalbandian D.,308.0,83.0,13.0,209.0,3.0,62.0,16.0,131.0
Nam H.W.,2.0,2.0,0.0,0.0,467.0,0.0,0.0,0.0
Nam J.S.,3.0,3.0,0.0,0.0,268.0,0.0,0.0,0.0
Napolitano S.,10.0,7.0,0.0,3.0,125.0,3.0,0.0,0.0
Nardi L.,27.0,21.0,0.0,6.0,73.0,2.0,1.0,3.0
Naso G.,13.0,11.0,0.0,2.0,238.0,2.0,0.0,0.0
Nava E.,19.0,12.0,0.0,3.0,144.0,0.0,0.0,3.0
Navarro-Pastor I.,86.0,58.0,0.0,26.0,68.0,16.0,6.0,4.0
Navone M.,40.0,27.0,2.0,17.0,31.0,14.0,0.0,3.0
Nedelko I.,1.0,1.0,0.0,0.0,392.0,0.0,0.0,0.0
Nedovyesov A.,19.0,16.0,0.0,4.0,77.0,2.0,0.0,2.0
Nedovyesov O.,1.0,1.0,0.0,0.0,124.0,0.0,0.0,0.0
Nedunchezhiyan J.,1.0,1.0,0.0,0.0,314.0,0.0,0.0,0.0
Neff A.,1.0,1.0,0.0,0.0,829.0,0.0,0.0,0.0
Neumayer L.,3.0,2.0,0.0,1.0,289.0,1.0,0.0,0.0
Nielsen F.,9.0,8.0,0.0,0.0,213.0,0.0,0.0,0.0
Nielsen M.,1.0,1.0,0.0,0.0,309.0,0.0,0.0,0.0
Niemeyer F.,7.0,5.0,0.0,1.0,487.0,0.0,0.0,1.0
Nieminen J.,489.0,141.0,9.0,251.0,13.0,60.0,18.0,173.0
Nieminen J. ,2.0,2.0,0.0,1.0,122.0,0.0,0.0,1.0
Niki T.,1.0,1.0,0.0,0.0,340.0,0.0,0.0,0.0
Nikles J.,4.0,4.0,0.0,1.0,317.0,1.0,0.0,0.0
Niland C.,2.0,2.0,0.0,0.0,228.0,0.0,0.0,0.0
Nishikori K.,590.0,116.0,25.0,399.0,4.0,98.0,38.0,263.0
Nishioka Y.,252.0,94.0,6.0,122.0,31.0,17.0,4.0,101.0
Noguchi R.,2.0,1.0,0.0,1.0,291.0,0.0,0.0,1.0
Norman D.,22.0,17.0,0.0,6.0,90.0,1.0,3.0,2.0
Norrie C.,328.0,95.0,15.0,189.0,8.0,55.0,22.0,112.0
Novak D.,58.0,31.0,0.0,15.0,94.0,5.0,3.0,7.0
Novak J.,40.0,25.0,0.0,18.0,23.0,9.0,1.0,8.0
Novikov D.,16.0,13.0,0.0,5.0,131.0,0.0,3.0,2.0
O Connell C.,110.0,57.0,0.0,45.0,53.0,8.0,4.0,33.0
O'Connell C.,3.0,3.0,0.0,0.0,115.0,0.0,0.0,0.0
O'Neal J.,1.0,1.0,0.0,0.0,748.0,0.0,0.0,0.0
Odesnik W.,89.0,49.0,1.0,39.0,84.0,18.0,0.0,21.0
Ofner S.,84.0,49.0,1.0,37.0,37.0,16.0,7.0,14.0
Ojeda Lara R.,6.0,5.0,0.0,3.0,198.0,1.0,0.0,2.0
Okun N.,12.0,9.0,0.0,3.0,144.0,0.0,0.0,3.0
Olaso G.,6.0,4.0,0.0,2.0,182.0,2.0,0.0,0.0
Olejniczak D.,3.0,3.0,0.0,0.0,195.0,0.0,0.0,0.0
Oliel Y.,2.0,2.0,0.0,0.0,383.0,0.0,0.0,0.0
Olivetti A.,14.0,10.0,0.0,5.0,161.0,0.0,0.0,5.0
Olivieri G.,3.0,2.0,0.0,2.0,231.0,2.0,0.0,0.0
Olivo R.,53.0,32.0,0.0,21.0,88.0,19.0,0.0,2.0
Opelka R.,176.0,73.0,6.0,91.0,17.0,14.0,6.0,71.0
Ortega-Olmedo R.,1.0,1.0,0.0,0.0,310.0,0.0,0.0,0.0
Oswald P.,4.0,3.0,0.0,1.0,398.0,1.0,0.0,0.0
Otte O.,76.0,42.0,0.0,31.0,36.0,9.0,8.0,14.0
Ouahab L.,15.0,5.0,0.0,5.0,140.0,5.0,0.0,0.0
Ouanna J.,25.0,16.0,0.0,8.0,110.0,4.0,0.0,4.0
Oudsema S.,5.0,4.0,0.0,1.0,359.0,0.0,0.0,1.0
Ouyang B.,1.0,1.0,0.0,0.0,1098.0,0.0,0.0,0.0
Pacheco Mendez R.,4.0,3.0,0.0,0.0,692.0,0.0,0.0,0.0
Paire B.,510.0,140.0,9.0,229.0,18.0,82.0,23.0,124.0
Panfil G.,1.0,1.0,0.0,0.0,911.0,0.0,0.0,0.0
Pannu K.,3.0,3.0,0.0,0.0,716.0,0.0,0.0,0.0
Papamalamis T.,1.0,1.0,0.0,0.0,721.0,0.0,0.0,0.0
Parada F.,1.0,1.0,0.0,0.0,385.0,0.0,0.0,0.0
Parmar A.,3.0,2.0,0.0,2.0,230.0,0.0,0.0,2.0
Pasha N.,1.0,1.0,0.0,0.0,1187.0,0.0,0.0,0.0
Pashanski B.,65.0,44.0,0.0,21.0,55.0,14.0,0.0,7.0
Passaro F.,15.0,11.0,0.0,5.0,110.0,4.0,0.0,1.0
Patience O.,42.0,27.0,0.0,12.0,103.0,11.0,1.0,0.0
Patino L.,1.0,1.0,0.0,0.0,809.0,0.0,0.0,0.0
Patriarca D.,1.0,1.0,0.0,0.0,284.0,0.0,0.0,0.0
Paul T.,279.0,91.0,7.0,161.0,12.0,20.0,24.0,117.0
Pavel A.,82.0,49.0,2.0,32.0,38.0,17.0,4.0,11.0
Pavic A.,13.0,10.0,0.0,3.0,145.0,0.0,2.0,1.0
Pavic M.,11.0,8.0,0.0,3.0,404.0,1.0,2.0,0.0
Pavlasek A.,14.0,10.0,0.0,5.0,96.0,4.0,1.0,0.0
Pecotic M.,2.0,2.0,0.0,1.0,784.0,0.0,0.0,1.0
Peliwo F.,5.0,4.0,0.0,1.0,355.0,1.0,0.0,0.0
Pella G.,252.0,87.0,5.0,114.0,20.0,64.0,11.0,39.0
Pellegrino A.,2.0,2.0,0.0,0.0,153.0,0.0,0.0,0.0
Peniston R.,13.0,7.0,0.0,6.0,140.0,0.0,6.0,0.0
Perez D.,1.0,1.0,0.0,0.0,578.0,0.0,0.0,0.0
Peric T.,1.0,1.0,0.0,0.0,1255.0,0.0,0.0,0.0
Pervolarakis M.,1.0,1.0,0.0,0.0,377.0,0.0,0.0,0.0
Petrovic D.,5.0,4.0,0.0,2.0,157.0,2.0,0.0,0.0
Petzschner P.,172.0,70.0,2.0,80.0,35.0,14.0,17.0,49.0
Petzschner P. ,1.0,1.0,0.0,0.0,76.0,0.0,0.0,0.0
Peya A.,39.0,25.0,0.0,10.0,99.0,3.0,2.0,5.0
Phau B.,160.0,75.0,0.0,59.0,59.0,16.0,1.0,42.0
Philippoussis M.,27.0,20.0,1.0,13.0,113.0,0.0,8.0,5.0
Piccari F.,1.0,1.0,0.0,0.0,234.0,0.0,0.0,0.0
Piros Z.,4.0,3.0,0.0,1.0,453.0,1.0,0.0,0.0
Pless K.,37.0,31.0,0.0,9.0,79.0,2.0,1.0,6.0
Podlipnik H.,2.0,2.0,0.0,0.0,734.0,0.0,0.0,0.0
Poerschke L.,2.0,2.0,0.0,0.0,332.0,0.0,0.0,0.0
Polansky P.,49.0,22.0,0.0,11.0,110.0,1.0,0.0,10.0
Poljicak M.,2.0,1.0,0.0,0.0,481.0,0.0,0.0,0.0
Polmans M.,23.0,16.0,0.0,6.0,116.0,2.0,1.0,3.0
Popko D.,2.0,1.0,0.0,0.0,172.0,0.0,0.0,0.0
Popp A.,10.0,8.0,0.0,2.0,253.0,0.0,0.0,2.0
Popp T.,2.0,2.0,0.0,0.0,222.0,0.0,0.0,0.0
Popyrin A.,189.0,87.0,3.0,81.0,23.0,18.0,6.0,57.0
Portas A.,31.0,20.0,0.0,12.0,100.0,12.0,0.0,0.0
Pospisil J.,8.0,8.0,0.0,1.0,133.0,0.0,0.0,1.0
Pospisil V.,266.0,91.0,3.0,112.0,27.0,4.0,17.0,91.0
Pouille L.,258.0,79.0,9.0,131.0,11.0,34.0,19.0,78.0
Prashanth V.,1.0,1.0,0.0,0.0,557.0,0.0,0.0,0.0
Prizmic D.,8.0,6.0,0.0,3.0,165.0,2.0,0.0,1.0
Prodon E.,14.0,13.0,0.0,0.0,88.0,0.0,0.0,0.0
Prpic A.,1.0,1.0,0.0,0.0,205.0,0.0,0.0,0.0
Prpic F.,9.0,6.0,0.0,2.0,230.0,0.0,0.0,2.0
Przysiezny M.,72.0,47.0,0.0,17.0,57.0,3.0,4.0,10.0
Pucinelli de Almeida M.,2.0,2.0,0.0,1.0,264.0,1.0,0.0,0.0
Puerta M.,28.0,19.0,0.0,14.0,9.0,5.0,0.0,9.0
Puetz T.,3.0,3.0,0.0,1.0,183.0,0.0,1.0,0.0
Purcell M.,78.0,49.0,1.0,30.0,41.0,4.0,8.0,18.0
Querrey S.,651.0,136.0,19.0,349.0,12.0,41.0,72.0,236.0
Querry S.,5.0,3.0,0.0,2.0,386.0,0.0,1.0,1.0
Quigley E.,1.0,1.0,0.0,0.0,463.0,0.0,0.0,0.0
Quinn E.,8.0,6.0,0.0,2.0,254.0,0.0,2.0,0.0
Quinzi G.,2.0,2.0,0.0,1.0,304.0,1.0,0.0,0.0
Quiroz R.,6.0,4.0,0.0,3.0,244.0,1.0,0.0,2.0
Qureshi A.,9.0,7.0,0.0,4.0,154.0,0.0,4.0,0.0
Qureshi A.U.H.,5.0,4.0,0.0,1.0,207.0,0.0,1.0,0.0
Rachidi Y.,1.0,1.0,0.0,0.0,923.0,0.0,0.0,0.0
Ram A.,3.0,2.0,0.0,1.0,233.0,0.0,0.0,1.0
Ram R.,135.0,60.0,3.0,52.0,63.0,5.0,18.0,29.0
Ramanathan R.,41.0,23.0,1.0,14.0,128.0,0.0,7.0,7.0
Ramirez C.,3.0,2.0,0.0,0.0,476.0,0.0,0.0,0.0
Ramirez-Hidalgo R.,146.0,69.0,0.0,51.0,43.0,44.0,0.0,7.0
Ramos A.,143.0,67.0,1.0,63.0,38.0,48.0,1.0,14.0
Ramos-Vinolas A.,446.0,127.0,11.0,201.0,19.0,140.0,4.0,57.0
Raonic M.,524.0,94.0,22.0,359.0,3.0,61.0,51.0,247.0
Rastogi K.,3.0,2.0,0.0,1.0,359.0,0.0,0.0,1.0
Recouderc L.,13.0,10.0,0.0,3.0,139.0,2.0,0.0,1.0
Rehberg M.,4.0,3.0,0.0,0.0,412.0,0.0,0.0,0.0
Rehnquist B.,9.0,6.0,0.0,2.0,306.0,2.0,0.0,0.0
Reid M.,1.0,1.0,0.0,0.0,216.0,0.0,0.0,0.0
Reinberg E.,1.0,1.0,0.0,0.0,1032.0,0.0,0.0,0.0
Reister J.,42.0,22.0,0.0,13.0,94.0,10.0,3.0,0.0
Reix C.,2.0,2.0,0.0,1.0,502.0,0.0,0.0,1.0
Renavand N.,2.0,2.0,0.0,1.0,364.0,0.0,0.0,1.0
Rettenmaier T.,1.0,1.0,0.0,0.0,297.0,0.0,0.0,0.0
Reyes-Varela M.A.,2.0,1.0,0.0,0.0,502.0,0.0,0.0,0.0
Reynolds B.,90.0,46.0,0.0,25.0,63.0,3.0,4.0,18.0
Riba P.,77.0,52.0,0.0,23.0,65.0,20.0,0.0,3.0
Riba-Madrid P.,2.0,2.0,0.0,0.0,78.0,0.0,0.0,0.0
Riedi L.,8.0,7.0,0.0,2.0,133.0,1.0,0.0,1.0
Rieschick S.,3.0,3.0,0.0,1.0,253.0,0.0,0.0,1.0
Riffice S.,1.0,1.0,0.0,0.0,542.0,0.0,0.0,0.0
Rincon D.,3.0,2.0,0.0,0.0,216.0,0.0,0.0,0.0
Rinderknech A.,140.0,72.0,1.0,66.0,48.0,19.0,7.0,40.0
Rios F.,1.0,1.0,0.0,0.0,1285.0,0.0,0.0,0.0
Ritschard A.,10.0,7.0,0.0,3.0,163.0,2.0,0.0,1.0
Robert S.,108.0,58.0,1.0,35.0,52.0,12.0,4.0,19.0
Robredo R.,3.0,2.0,0.0,1.0,6.0,0.0,0.0,1.0
Robredo T.,573.0,152.0,18.0,345.0,5.0,165.0,14.0,166.0
Robredo T. ,3.0,2.0,0.0,2.0,15.0,0.0,0.0,2.0
Roca Batalla O.,3.0,2.0,0.0,1.0,314.0,1.0,0.0,0.0
Rocha H.,4.0,3.0,0.0,1.0,182.0,1.0,0.0,0.0
Rochus C.,120.0,79.0,1.0,37.0,41.0,18.0,0.0,19.0
Rochus C. ,1.0,1.0,0.0,0.0,88.0,0.0,0.0,0.0
Rochus O.,255.0,91.0,6.0,113.0,24.0,20.0,21.0,72.0
Rochus O. ,1.0,1.0,0.0,0.0,61.0,0.0,0.0,0.0
Roddick A.,408.0,83.0,25.0,301.0,3.0,17.0,39.0,245.0
Rodionov J.,32.0,20.0,0.0,12.0,107.0,5.0,2.0,5.0
Rodrigues M.,2.0,2.0,0.0,1.0,275.0,0.0,0.0,1.0
Rodriguez B.,1.0,1.0,0.0,0.0,439.0,0.0,0.0,0.0
Rodriguez Taverna S.,1.0,1.0,0.0,0.0,201.0,0.0,0.0,0.0
Roger-Vasselin E.,193.0,69.0,2.0,74.0,36.0,15.0,16.0,43.0
Roitman S.,75.0,50.0,0.0,21.0,62.0,20.0,0.0,1.0
Rola B.,25.0,17.0,0.0,8.0,80.0,4.0,1.0,3.0
Romboli F.,1.0,1.0,0.0,0.0,244.0,0.0,0.0,0.0
Rosenholm P.,3.0,2.0,0.0,1.0,371.0,0.0,0.0,1.0
Roshardt R.,2.0,1.0,0.0,0.0,588.0,0.0,0.0,0.0
Rosol L.,254.0,94.0,4.0,106.0,26.0,44.0,8.0,54.0
Roumane R.,1.0,1.0,0.0,0.0,431.0,0.0,0.0,0.0
Rubin N.,27.0,21.0,0.0,7.0,144.0,1.0,0.0,6.0
Rublev A.,476.0,101.0,26.0,304.0,5.0,77.0,19.0,208.0
Rufin G.,41.0,26.0,0.0,15.0,85.0,5.0,2.0,8.0
Rune H.,202.0,77.0,8.0,125.0,4.0,44.0,10.0,71.0
Rusedski G.,47.0,31.0,1.0,24.0,29.0,2.0,5.0,17.0
Russell M.,161.0,74.0,0.0,59.0,67.0,7.0,7.0,45.0
Ruud C.,345.0,95.0,23.0,221.0,2.0,137.0,5.0,79.0
Ruusuvuori E.,186.0,77.0,2.0,93.0,40.0,14.0,11.0,68.0
Rybakov A.,1.0,1.0,0.0,0.0,378.0,0.0,0.0,0.0
Ryderstedt M.,16.0,9.0,0.0,5.0,130.0,3.0,0.0,2.0
Sa A.,1.0,1.0,0.0,0.0,241.0,0.0,0.0,0.0
Saavedra Corvalan C.,1.0,1.0,0.0,0.0,395.0,0.0,0.0,0.0
Sabau R.,32.0,25.0,0.0,9.0,74.0,7.0,1.0,1.0
Sabry S.,1.0,1.0,0.0,0.0,586.0,0.0,0.0,0.0
Sachko V.,5.0,5.0,0.0,0.0,166.0,0.0,0.0,0.0
Sadecky A.,3.0,1.0,0.0,1.0,401.0,1.0,0.0,0.0
Safin M.,181.0,74.0,2.0,95.0,4.0,19.0,11.0,65.0
Safiullin R.,98.0,55.0,1.0,45.0,36.0,7.0,7.0,31.0
Safranek V.,2.0,2.0,0.0,0.0,210.0,0.0,0.0,0.0
Safwat M.,13.0,11.0,0.0,1.0,173.0,0.0,1.0,0.0
Sakamoto P.,1.0,1.0,0.0,0.0,389.0,0.0,0.0,0.0
Sakharov G.,4.0,3.0,0.0,1.0,159.0,1.0,0.0,0.0
Salamanca C.,1.0,1.0,0.0,0.0,310.0,0.0,0.0,0.0
Salva B.,5.0,4.0,0.0,0.0,339.0,0.0,0.0,0.0
Salzenstein J.,3.0,3.0,0.0,1.0,437.0,0.0,0.0,1.0
Samper-Montana J.,2.0,2.0,0.0,0.0,216.0,0.0,0.0,0.0
Sanchez D.,7.0,5.0,0.0,3.0,116.0,3.0,0.0,0.0
Sanchez De Luna J.,2.0,2.0,0.0,0.0,304.0,0.0,0.0,0.0
Sanchez Izquierdo N.,1.0,1.0,0.0,0.0,260.0,0.0,0.0,0.0
Sanchez M.,1.0,1.0,0.0,0.0,624.0,0.0,0.0,0.0
Sanchez de Luna J.A.,1.0,1.0,0.0,0.0,494.0,0.0,0.0,0.0
Sandbichler A.,1.0,1.0,0.0,0.0,570.0,0.0,0.0,0.0
Sandgren T.,116.0,59.0,2.0,42.0,41.0,8.0,8.0,26.0
Sanguinetti D.,65.0,44.0,0.0,24.0,42.0,5.0,1.0,18.0
Santillan A.,9.0,8.0,0.0,2.0,168.0,0.0,1.0,1.0
Santoro F.,164.0,66.0,2.0,79.0,34.0,3.0,22.0,54.0
Saoudi S.,2.0,2.0,0.0,0.0,524.0,0.0,0.0,0.0
Saretta F.,19.0,13.0,0.0,6.0,83.0,6.0,0.0,0.0
Sargsian S.,3.0,3.0,0.0,0.0,391.0,0.0,0.0,0.0
Sarkissian A.,6.0,5.0,0.0,2.0,176.0,1.0,0.0,1.0
Sarmiento R.,1.0,1.0,0.0,0.0,705.0,0.0,0.0,0.0
Satral J.,3.0,3.0,0.0,1.0,226.0,0.0,0.0,1.0
Saulnier C.,32.0,28.0,0.0,12.0,48.0,0.0,0.0,12.0
Saville L.,9.0,5.0,0.0,2.0,164.0,0.0,2.0,0.0
Schalken S.,1.0,1.0,0.0,0.0,202.0,0.0,0.0,0.0
Scherrer J.C.,3.0,3.0,0.0,1.0,466.0,0.0,0.0,1.0
Schnur B.,18.0,13.0,1.0,3.0,92.0,0.0,0.0,3.0
Scholtz N.,1.0,1.0,0.0,0.0,662.0,0.0,0.0,0.0
Schoolkate T.,5.0,5.0,0.0,1.0,185.0,0.0,0.0,1.0
Schoorel T.,6.0,5.0,0.0,1.0,168.0,1.0,0.0,0.0
Schuettler R.,190.0,81.0,1.0,75.0,29.0,9.0,19.0,47.0
Schuettler R. ,1.0,1.0,0.0,0.0,85.0,0.0,0.0,0.0
Schukin Y.,27.0,20.0,0.0,11.0,141.0,11.0,0.0,0.0
Schuttler P.,1.0,1.0,0.0,0.0,350.0,0.0,0.0,0.0
Schwaerzler J.,2.0,2.0,0.0,0.0,347.0,0.0,0.0,0.0
Schwank E.,89.0,53.0,0.0,32.0,50.0,25.0,0.0,7.0
Schwartzman D.,436.0,111.0,14.0,234.0,9.0,113.0,10.0,111.0
Searle H.,2.0,2.0,0.0,0.0,539.0,0.0,0.0,0.0
Sekulic M.,1.0,1.0,0.0,0.0,68.0,0.0,0.0,0.0
Sekulic P.,3.0,3.0,0.0,1.0,298.0,0.0,0.0,1.0
Sela D.,280.0,105.0,2.0,116.0,30.0,8.0,25.0,83.0
Seppi A.,711.0,178.0,9.0,336.0,18.0,107.0,54.0,175.0
Seppi A. ,2.0,2.0,0.0,1.0,51.0,0.0,0.0,1.0
Serdarusic N.,9.0,7.0,0.0,1.0,193.0,1.0,0.0,0.0
Sergeyev I.,2.0,1.0,0.0,1.0,209.0,0.0,0.0,1.0
Serra F.,268.0,108.0,3.0,109.0,36.0,42.0,9.0,58.0
Serra F. ,2.0,2.0,0.0,1.0,71.0,0.0,0.0,1.0
Setkic A.,3.0,3.0,0.0,0.0,165.0,0.0,0.0,0.0
Seyboth Wild T.,71.0,38.0,1.0,31.0,63.0,21.0,2.0,8.0
Shane R.,1.0,1.0,0.0,0.0,1410.0,0.0,0.0,0.0
Shang J.,56.0,33.0,1.0,29.0,51.0,1.0,3.0,25.0
Shapovalov D.,336.0,96.0,7.0,183.0,10.0,33.0,19.0,131.0
Shelbayh A.,10.0,9.0,0.0,2.0,230.0,1.0,0.0,1.0
Shelton B.,117.0,49.0,3.0,66.0,13.0,9.0,6.0,51.0
Shevchenko A.,80.0,46.0,1.0,37.0,48.0,11.0,1.0,25.0
Shimabukuro S.,8.0,8.0,0.0,2.0,148.0,0.0,0.0,2.0
Shimizu Y.,1.0,1.0,0.0,0.0,451.0,0.0,0.0,0.0
Shyla Y.,1.0,1.0,0.0,0.0,366.0,0.0,0.0,0.0
Sidorenko A.,12.0,9.0,0.0,4.0,187.0,2.0,0.0,2.0
Sijsling I.,129.0,75.0,0.0,45.0,52.0,10.0,10.0,25.0
Silva D.,1.0,1.0,0.0,0.0,263.0,0.0,0.0,0.0
Silva F.,2.0,1.0,0.0,0.0,249.0,0.0,0.0,0.0
Silva F.F.,3.0,2.0,0.0,1.0,263.0,1.0,0.0,0.0
Silva J.,4.0,4.0,0.0,0.0,160.0,0.0,0.0,0.0
Simmonds P.,3.0,3.0,0.0,0.0,240.0,0.0,0.0,0.0
Simon G.,831.0,170.0,22.0,473.0,7.0,140.0,48.0,285.0
Simon G. ,3.0,1.0,0.0,2.0,12.0,0.0,0.0,2.0
Simonsson F.,1.0,1.0,0.0,0.0,674.0,0.0,0.0,0.0
Singh S.,1.0,1.0,0.0,0.0,373.0,0.0,0.0,0.0
Sinner J.,313.0,73.0,23.0,240.0,1.0,52.0,21.0,167.0
Sirianni J.,15.0,13.0,0.0,4.0,143.0,0.0,1.0,3.0
Siriluethaiwattana P.,1.0,1.0,0.0,0.0,1194.0,0.0,0.0,0.0
Sitak A.,1.0,1.0,0.0,0.0,387.0,0.0,0.0,0.0
Skatov T.,11.0,8.0,0.0,3.0,129.0,2.0,0.0,1.0
Skugor F.,26.0,23.0,0.0,7.0,146.0,4.0,0.0,3.0
Slabinsky A.,2.0,2.0,0.0,0.0,329.0,0.0,0.0,0.0
Slanar M.,3.0,2.0,0.0,1.0,232.0,0.0,0.0,1.0
Sluiter R.,40.0,33.0,1.0,15.0,84.0,5.0,4.0,6.0
Smeets R.,9.0,8.0,0.0,1.0,150.0,0.0,0.0,1.0
Smethurst D.,1.0,1.0,0.0,0.0,234.0,0.0,0.0,0.0
Smith J.P.,27.0,20.0,0.0,5.0,129.0,0.0,4.0,1.0
Smyczek T.,128.0,45.0,0.0,43.0,68.0,3.0,6.0,34.0
Snobel P.,3.0,3.0,0.0,0.0,184.0,0.0,0.0,0.0
Sock J.,305.0,65.0,6.0,167.0,8.0,30.0,15.0,122.0
Soderling R.,338.0,96.0,14.0,228.0,4.0,62.0,20.0,146.0
Soderlund C.,2.0,1.0,0.0,1.0,479.0,1.0,0.0,0.0
Soeda G.,104.0,52.0,0.0,29.0,52.0,1.0,4.0,24.0
Sonego L.,283.0,105.0,6.0,135.0,21.0,49.0,21.0,65.0
Sorensen L.,5.0,4.0,0.0,2.0,236.0,1.0,0.0,1.0
Sousa J.,430.0,135.0,12.0,182.0,28.0,76.0,14.0,92.0
Sousa P.,33.0,25.0,1.0,6.0,101.0,6.0,0.0,0.0
Souza J.,68.0,37.0,0.0,23.0,69.0,22.0,0.0,1.0
Spadea V.,155.0,68.0,1.0,62.0,42.0,7.0,12.0,43.0
Spizzirri E.,3.0,2.0,0.0,1.0,341.0,0.0,1.0,0.0
Squire H.,4.0,3.0,0.0,1.0,181.0,1.0,0.0,0.0
Srichaphan P.,90.0,48.0,1.0,46.0,35.0,0.0,3.0,43.0
Stadler S.,15.0,8.0,0.0,5.0,141.0,0.0,3.0,2.0
Stakhovsky S.,314.0,102.0,4.0,137.0,34.0,25.0,23.0,89.0
Starace P.,273.0,91.0,4.0,121.0,28.0,100.0,0.0,21.0
Statham J.,8.0,4.0,0.0,2.0,332.0,0.0,0.0,2.0
Statham R.,1.0,1.0,0.0,0.0,557.0,0.0,0.0,0.0
Stebe C-M.,2.0,2.0,0.0,1.0,177.0,0.0,0.0,1.0
Stebe C.M.,68.0,35.0,1.0,26.0,77.0,13.0,2.0,11.0
Steckley R.,1.0,1.0,0.0,0.0,583.0,0.0,0.0,0.0
Stepanek M.,1.0,1.0,0.0,0.0,25.0,0.0,0.0,0.0
Stepanek R.,434.0,112.0,10.0,247.0,11.0,51.0,28.0,168.0
Stepanek R. ,4.0,2.0,0.0,3.0,14.0,0.0,0.0,3.0
Stoppini A.,10.0,9.0,0.0,3.0,220.0,0.0,0.0,3.0
Stricker D.,38.0,16.0,0.0,19.0,90.0,4.0,4.0,11.0
Strode B.,1.0,1.0,0.0,0.0,393.0,0.0,0.0,0.0
Struff J-L.,1.0,1.0,0.0,0.0,106.0,0.0,0.0,0.0
Struff J.L.,419.0,111.0,4.0,195.0,21.0,71.0,25.0,99.0
Struvay E.,2.0,1.0,0.0,0.0,336.0,0.0,0.0,0.0
Sugita Y.,122.0,61.0,1.0,42.0,38.0,4.0,14.0,24.0
Summerer T.,6.0,5.0,0.0,0.0,168.0,0.0,0.0,0.0
Sun F.,1.0,1.0,0.0,0.0,359.0,0.0,0.0,0.0
Sun P.,3.0,2.0,0.0,0.0,557.0,0.0,0.0,0.0
Suzuki T.,10.0,5.0,0.0,5.0,216.0,0.0,0.0,5.0
Svajda Z.,22.0,17.0,0.0,6.0,102.0,0.0,0.0,6.0
Svrcina D.,5.0,5.0,0.0,2.0,167.0,0.0,0.0,2.0
Sweeny D.,6.0,5.0,0.0,2.0,273.0,0.0,0.0,2.0
Sweeting R.,87.0,39.0,1.0,31.0,65.0,8.0,2.0,21.0
Tabara M.,3.0,3.0,0.0,0.0,109.0,0.0,0.0,0.0
Taberner C.,36.0,23.0,0.0,12.0,85.0,8.0,0.0,4.0
Tabilo A.,94.0,50.0,4.0,50.0,19.0,22.0,8.0,20.0
Tahiri M.,2.0,2.0,0.0,1.0,566.0,1.0,0.0,0.0
Taino E.,2.0,1.0,0.0,1.0,255.0,0.0,0.0,1.0
Takahashi Y.,1.0,1.0,0.0,0.0,262.0,0.0,0.0,0.0
Takeuchi K.,1.0,1.0,0.0,0.0,441.0,0.0,0.0,0.0
Tavares L.,2.0,2.0,0.0,1.0,246.0,1.0,0.0,0.0
Te R.,1.0,1.0,0.0,0.0,489.0,0.0,0.0,0.0
Tearney F.,2.0,1.0,0.0,0.0,365.0,0.0,0.0,0.0
Teixeira M.,6.0,5.0,0.0,1.0,181.0,1.0,0.0,0.0
Tepavac M.,1.0,1.0,0.0,0.0,201.0,0.0,0.0,0.0
Terachi T.,3.0,3.0,0.0,1.0,431.0,0.0,0.0,1.0
Thiem D.,513.0,115.0,28.0,318.0,3.0,153.0,14.0,151.0
Thiem D. ,5.0,1.0,1.0,3.0,5.0,0.0,0.0,3.0
Thomann N.,5.0,5.0,0.0,1.0,206.0,0.0,0.0,1.0
Thompson C.,1.0,1.0,0.0,0.0,2159.0,0.0,0.0,0.0
Thompson J.,279.0,106.0,4.0,130.0,28.0,14.0,27.0,89.0
Thron A.,1.0,1.0,0.0,0.0,1473.0,0.0,0.0,0.0
Tiafoe F.,366.0,97.0,9.0,190.0,10.0,34.0,23.0,133.0
Tien L.,7.0,3.0,0.0,3.0,191.0,0.0,0.0,3.0
Tipsarevic J.,419.0,136.0,10.0,225.0,8.0,46.0,34.0,145.0
Tipsarevic J. ,2.0,1.0,0.0,1.0,39.0,0.0,0.0,1.0
Tirante T.A.,17.0,12.0,0.0,8.0,109.0,7.0,0.0,1.0
Tiurnev E.,1.0,1.0,0.0,0.0,304.0,0.0,0.0,0.0
Tomic B.,329.0,101.0,6.0,166.0,17.0,25.0,33.0,108.0
Topic J.,1.0,1.0,0.0,0.0,605.0,0.0,0.0,0.0
Topo M.,5.0,4.0,0.0,0.0,320.0,0.0,0.0,0.0
Torebko P.,2.0,2.0,0.0,0.0,313.0,0.0,0.0,0.0
Torpegaard M.,4.0,4.0,0.0,1.0,179.0,0.0,0.0,1.0
Travaglia S.,77.0,45.0,1.0,25.0,60.0,10.0,1.0,14.0
Trevisan M.,1.0,1.0,0.0,0.0,462.0,0.0,0.0,0.0
Trinker B.,3.0,3.0,0.0,1.0,371.0,1.0,0.0,0.0
Troicki V.,496.0,132.0,9.0,253.0,12.0,53.0,32.0,168.0
Troicki V. ,2.0,2.0,0.0,1.0,29.0,0.0,0.0,1.0
Trongcharoenchaikul W.,1.0,1.0,0.0,0.0,1217.0,0.0,0.0,0.0
Trujillo G.,2.0,2.0,0.0,1.0,237.0,1.0,0.0,0.0
Trungelliti M.,38.0,21.0,0.0,15.0,121.0,13.0,0.0,2.0
Trusendi W.,1.0,1.0,0.0,0.0,386.0,0.0,0.0,0.0
Tseng C. H.,9.0,8.0,0.0,2.0,108.0,1.0,0.0,1.0
Tseng C.H.,11.0,9.0,0.0,2.0,85.0,0.0,0.0,2.0
Tsitsipas P.,1.0,1.0,0.0,0.0,970.0,0.0,0.0,0.0
Tsitsipas S.,456.0,92.0,28.0,303.0,3.0,106.0,22.0,175.0
Tsitsipas S. ,5.0,2.0,1.0,4.0,6.0,0.0,0.0,4.0
Tsonga J.W.,636.0,103.0,30.0,426.0,5.0,76.0,46.0,304.0
Tu L.,7.0,5.0,0.0,1.0,191.0,0.0,1.0,0.0
Tuksar S.,3.0,3.0,0.0,0.0,166.0,0.0,0.0,0.0
Tursunov D.,365.0,124.0,9.0,190.0,20.0,23.0,31.0,136.0
Tveit E.,1.0,1.0,0.0,0.0,925.0,0.0,0.0,0.0
Tyurnev E.,1.0,1.0,0.0,0.0,548.0,0.0,0.0,0.0
Uchida K.,4.0,4.0,0.0,1.0,163.0,0.0,0.0,1.0
Uchiyama Y.,36.0,23.0,0.0,11.0,86.0,0.0,0.0,11.0
Udomchoke D.,56.0,31.0,0.0,13.0,79.0,0.0,4.0,9.0
Ugo Carabelli C.,13.0,11.0,0.0,4.0,92.0,4.0,0.0,0.0
Ulihrach B.,4.0,3.0,0.0,1.0,199.0,1.0,0.0,0.0
Ungur A.,32.0,23.0,0.0,6.0,79.0,6.0,0.0,0.0
Vacek J.,6.0,5.0,0.0,3.0,245.0,0.0,3.0,0.0
Vacherot V.,4.0,3.0,0.0,0.0,138.0,0.0,0.0,0.0
Vagnozzi S.,8.0,7.0,0.0,2.0,186.0,2.0,0.0,0.0
Vahaly B.,1.0,1.0,0.0,0.0,164.0,0.0,0.0,0.0
Vaisse M.,1.0,1.0,0.0,0.0,309.0,0.0,0.0,0.0
Valent R.,1.0,1.0,0.0,0.0,1088.0,0.0,0.0,0.0
Valkusz M.,4.0,3.0,0.0,1.0,214.0,0.0,0.0,1.0
Van Assche L.,50.0,35.0,0.0,16.0,64.0,8.0,1.0,7.0
Van D. Merwe I.,1.0,1.0,0.0,0.0,118.0,0.0,0.0,0.0
Van De Zandschulp B.,161.0,68.0,1.0,79.0,23.0,19.0,9.0,51.0
Van Der Merwe I.,10.0,5.0,0.0,6.0,129.0,0.0,2.0,4.0
Van Rijthoven T.,19.0,14.0,1.0,10.0,103.0,0.0,8.0,2.0
Van der Dium A.,1.0,1.0,0.0,0.0,995.0,0.0,0.0,0.0
Van der Merwe I.,3.0,2.0,0.0,1.0,285.0,0.0,0.0,1.0
Vanek J.,80.0,52.0,0.0,28.0,81.0,22.0,1.0,5.0
Vanni L.,21.0,16.0,1.0,5.0,100.0,4.0,0.0,1.0
Vardhan V.,1.0,1.0,0.0,0.0,313.0,0.0,0.0,0.0
Varillas J. P.,19.0,14.0,0.0,9.0,92.0,9.0,0.0,0.0
Varillas J.P.,39.0,23.0,0.0,16.0,63.0,12.0,0.0,4.0
Vasilevski A.,1.0,1.0,0.0,0.0,785.0,0.0,0.0,0.0
Vassallo-Arguello M.,101.0,52.0,0.0,39.0,49.0,33.0,2.0,4.0
Vassallo-Arguello M. ,1.0,1.0,0.0,0.0,72.0,0.0,0.0,0.0
Vatutin A.,9.0,7.0,0.0,2.0,138.0,2.0,0.0,0.0
Vavassori A.,19.0,14.0,0.0,8.0,128.0,6.0,0.0,2.0
Vega Hernandez D.,1.0,1.0,0.0,0.0,440.0,0.0,0.0,0.0
Veger F.,1.0,1.0,0.0,0.0,836.0,0.0,0.0,0.0
Veic A.,30.0,16.0,0.0,9.0,127.0,4.0,0.0,5.0
Velotti A.,3.0,3.0,0.0,0.0,676.0,0.0,0.0,0.0
Vemic D.,15.0,11.0,0.0,5.0,178.0,3.0,1.0,1.0
Ventura S.,60.0,35.0,0.0,21.0,68.0,21.0,0.0,0.0
Venus M.,9.0,6.0,0.0,1.0,40.0,0.0,0.0,1.0
Verdasco F.,856.0,199.0,21.0,478.0,7.0,198.0,44.0,236.0
Verdasco F. ,3.0,2.0,0.0,2.0,8.0,0.0,0.0,2.0
Verkerk M.,11.0,10.0,0.0,0.0,316.0,0.0,0.0,0.0
Vesely J.,277.0,112.0,4.0,130.0,36.0,51.0,23.0,56.0
Vicente F.,30.0,21.0,0.0,5.0,87.0,4.0,1.0,0.0
Vicente M.,1.0,1.0,0.0,0.0,188.0,0.0,0.0,0.0
Vico U.,3.0,2.0,0.0,1.0,251.0,0.0,0.0,1.0
Vik R.,51.0,41.0,0.0,17.0,57.0,6.0,1.0,10.0
Vilella Martinez M.,9.0,8.0,0.0,4.0,167.0,1.0,0.0,3.0
Villanueva G.,1.0,1.0,0.0,0.0,279.0,0.0,0.0,0.0
Vinciguerra A.,16.0,10.0,0.0,6.0,153.0,5.0,0.0,1.0
Viola M.,15.0,14.0,0.0,4.0,126.0,2.0,0.0,2.0
Viola Mat.,2.0,2.0,0.0,0.0,148.0,0.0,0.0,0.0
Virtanen O.,10.0,7.0,0.0,3.0,116.0,0.0,1.0,2.0
Vliegen K.,142.0,76.0,1.0,60.0,30.0,19.0,9.0,32.0
Volandri F.,244.0,96.0,5.0,96.0,25.0,88.0,1.0,7.0
Vovk S.,1.0,1.0,0.0,0.0,1216.0,0.0,0.0,0.0
Vrbensky M.,1.0,1.0,0.0,0.0,311.0,0.0,0.0,0.0
Vukic A.,93.0,55.0,1.0,41.0,50.0,4.0,10.0,27.0
Wachiramanowong K.,2.0,1.0,0.0,0.0,523.0,0.0,0.0,0.0
Walter L.,1.0,1.0,0.0,0.0,287.0,0.0,0.0,0.0
Walton A.,14.0,14.0,0.0,3.0,89.0,0.0,2.0,1.0
Wang C.,2.0,2.0,0.0,1.0,553.0,0.0,0.0,1.0
Wang J.,21.0,12.0,0.0,8.0,133.0,2.0,4.0,2.0
Wang Y.,2.0,2.0,0.0,0.0,87.0,0.0,0.0,0.0
Wang Y. Jr,1.0,1.0,0.0,0.0,401.0,0.0,0.0,0.0
Wang Y.Jr.,1.0,1.0,0.0,0.0,484.0,0.0,0.0,0.0
Wang Y.T.,27.0,19.0,0.0,8.0,87.0,0.0,3.0,5.0
Warburg S.,13.0,11.0,0.0,3.0,157.0,0.0,0.0,3.0
Ward A.,4.0,4.0,0.0,0.0,244.0,0.0,0.0,0.0
Ward J.,63.0,33.0,0.0,13.0,102.0,0.0,10.0,3.0
Washington M.,1.0,1.0,0.0,0.0,864.0,0.0,0.0,0.0
Waske A.,48.0,32.0,0.0,16.0,89.0,9.0,2.0,5.0
Watanuki Y.,31.0,20.0,0.0,13.0,79.0,3.0,2.0,8.0
Wawrinka S.,839.0,141.0,30.0,522.0,3.0,176.0,32.0,314.0
Wawrinka S. ,3.0,2.0,0.0,2.0,21.0,0.0,0.0,2.0
Weiner G.,2.0,2.0,0.0,0.0,205.0,0.0,0.0,0.0
Weintraub A.,5.0,5.0,0.0,1.0,196.0,0.0,0.0,1.0
Wessels L.,1.0,1.0,0.0,0.0,347.0,0.0,0.0,0.0
Wessels P.,14.0,9.0,1.0,7.0,103.0,0.0,4.0,3.0
Westerhof B.,1.0,1.0,0.0,0.0,236.0,0.0,0.0,0.0
Whitehouse W.,7.0,5.0,0.0,3.0,331.0,0.0,0.0,3.0
Whittington A.,5.0,5.0,0.0,2.0,190.0,0.0,0.0,2.0
Widom T.,7.0,6.0,0.0,4.0,232.0,0.0,0.0,4.0
Williams R.,23.0,19.0,0.0,5.0,114.0,2.0,0.0,3.0
Willis M.,2.0,2.0,0.0,1.0,772.0,0.0,1.0,0.0
Wilson B.,5.0,4.0,0.0,1.0,279.0,0.0,0.0,1.0
Witten J.,10.0,8.0,0.0,2.0,186.0,0.0,0.0,2.0
Wolf J.J.,97.0,53.0,1.0,45.0,39.0,7.0,3.0,35.0
Wolmarans F.,3.0,1.0,0.0,1.0,261.0,0.0,0.0,1.0
Wong C.,6.0,6.0,0.0,0.0,133.0,0.0,0.0,0.0
Wu D.,24.0,11.0,0.0,4.0,203.0,0.0,0.0,4.0
Wu T.L.,5.0,4.0,0.0,1.0,172.0,0.0,0.0,1.0
Wu Y.,40.0,28.0,1.0,18.0,54.0,3.0,1.0,14.0
Xu J.C.,1.0,1.0,0.0,0.0,594.0,0.0,0.0,0.0
Yang T.H.,4.0,4.0,0.0,0.0,341.0,0.0,0.0,0.0
Yani M.,15.0,13.0,0.0,3.0,151.0,0.0,2.0,1.0
Yevseyev D.,4.0,3.0,0.0,1.0,160.0,1.0,0.0,0.0
Ymer E.,86.0,47.0,0.0,25.0,108.0,11.0,0.0,14.0
Ymer M.,127.0,59.0,1.0,57.0,53.0,12.0,6.0,39.0
Young D.,293.0,84.0,2.0,114.0,40.0,7.0,13.0,94.0
Youzhny A.,1.0,1.0,0.0,0.0,18.0,0.0,0.0,0.0
Youzhny M.,602.0,125.0,15.0,332.0,8.0,84.0,39.0,209.0
Youzhny M. ,4.0,2.0,1.0,3.0,23.0,0.0,0.0,3.0
Yu X.Y.,1.0,1.0,0.0,0.0,515.0,0.0,0.0,0.0
Yuksel A.,1.0,1.0,0.0,0.0,507.0,0.0,0.0,0.0
Zabaleta M.,46.0,25.0,1.0,21.0,63.0,21.0,0.0,0.0
Zampieri C.,3.0,2.0,0.0,1.0,255.0,1.0,0.0,0.0
Zapata Miralles B.,90.0,57.0,0.0,31.0,37.0,25.0,0.0,6.0
Zayed M. S.,1.0,1.0,0.0,0.0,1855.0,0.0,0.0,0.0
Zayid M. S.,1.0,1.0,0.0,0.0,1512.0,0.0,0.0,0.0
Zayid M.S.,1.0,1.0,0.0,0.0,1277.0,0.0,0.0,0.0
Zeballos H.,208.0,86.0,2.0,84.0,40.0,52.0,2.0,30.0
Zeballos H. ,1.0,1.0,0.0,0.0,42.0,0.0,0.0,0.0
Zekic M.,3.0,3.0,0.0,1.0,316.0,1.0,0.0,0.0
Zemlja G.,58.0,34.0,1.0,26.0,49.0,6.0,6.0,14.0
Zeng S.X.,4.0,3.0,0.0,1.0,393.0,0.0,0.0,1.0
Zeppieri G.,19.0,12.0,0.0,6.0,120.0,5.0,0.0,1.0
Zhang Z.,15.0,7.0,0.0,4.0,165.0,0.0,1.0,3.0
Zhang Ze,11.0,6.0,0.0,1.0,179.0,0.0,0.0,1.0
Zhang Ze.,2.0,2.0,0.0,0.0,179.0,0.0,0.0,0.0
Zhang Zh.,100.0,59.0,1.0,48.0,33.0,18.0,6.0,24.0
Zhou Y.,5.0,4.0,0.0,0.0,440.0,0.0,0.0,0.0
Zhukayev B.,7.0,6.0,0.0,2.0,213.0,0.0,0.0,2.0
Ziadi M.,4.0,2.0,0.0,0.0,613.0,0.0,0.0,0.0
Zib T.,47.0,33.0,0.0,12.0,51.0,5.0,2.0,5.0
Zimonjic N.,2.0,2.0,0.0,0.0,674.0,0.0,0.0,0.0
Zitko R.,1.0,1.0,0.0,0.0,487.0,0.0,0.0,0.0
Zopp J.,43.0,23.0,0.0,14.0,80.0,9.0,0.0,5.0
Zovko L.,5.0,4.0,0.0,2.0,759.0,0.0,0.0,2.0
Zuk K.,3.0,3.0,0.0,0.0,170.0,0.0,0.0,0.0
Zverev A.,599.0,103.0,35.0,421.0,2.0,142.0,38.0,241.0
Zverev A. ,4.0,2.0,0.0,2.0,7.0,0.0,0.0,2.0
Zverev M.,316.0,116.0,3.0,130.0,26.0,25.0,28.0,77.0
de Chaunac S.,7.0,7.0,0.0,0.0,254.0,0.0,0.0,0.0
de Voest R.,18.0,17.0,0.0,5.0,124.0,0.0,1.0,4.0
di Mauro A.,42.0,28.0,1.0,13.0,83.0,12.0,0.0,1.0
van Gemerden M.,5.0,5.0,0.0,2.0,106.0,1.0,1.0,0.0
van Lottum J.,1.0,1.0,0.0,0.0,493.0,0.0,0.0,0.0
van Scheppingen D.,2.0,2.0,0.0,1.0,278.0,0.0,0.0,1.0
