Unnamed: 0,total_matches,total_tournaments,total_finals,total_wins,best_rank,wins_clay,wins_grass,wins_hard,cluster,cluster_description
 Hajek J.,2.0,1.0,0.0,1.0,79.0,1.0,0.0,0.0,1,Developing Players
Acasuso J.,192.0,68.0,5.0,101.0,20.0,67.0,0.0,34.0,1,Developing Players
Adaktusson J.,1.0,1.0,0.0,0.0,265.0,0.0,0.0,0.0,1,Developing Players
Agamenone F.,5.0,2.0,0.0,3.0,156.0,3.0,0.0,0.0,1,Developing Players
Agassi A.,37.0,17.0,3.0,26.0,6.0,0.0,2.0,24.0,1,Developing Players
Agostinelli B.,1.0,1.0,0.0,0.0,1171.0,0.0,0.0,0.0,1,Developing Players
Aguilar J.,4.0,4.0,0.0,0.0,223.0,0.0,0.0,0.0,1,Developing Players
Ahouda A.,4.0,2.0,0.0,1.0,727.0,1.0,0.0,0.0,1,Developing Players
Ajdukovic D.,12.0,7.0,0.0,4.0,110.0,4.0,0.0,0.0,1,Developing Players
Al Ghareeb M.,4.0,3.0,0.0,0.0,352.0,0.0,0.0,0.0,1,Developing Players
Al-Ghareeb M.,1.0,1.0,0.0,0.0,431.0,0.0,0.0,0.0,1,Developing Players
Albot R.,222.0,107.0,1.0,86.0,39.0,20.0,8.0,58.0,1,Developing Players
Alcaide G.,1.0,1.0,0.0,0.0,238.0,0.0,0.0,0.0,1,Developing Players
Alcaraz C.,238.0,52.0,20.0,187.0,1.0,72.0,24.0,91.0,1,Developing Players
Aldi F.,5.0,3.0,0.0,1.0,112.0,1.0,0.0,0.0,1,Developing Players
Almagro N.,595.0,137.0,23.0,360.0,9.0,248.0,11.0,101.0,-1,Outlier
Almagro N. ,1.0,1.0,0.0,0.0,27.0,0.0,0.0,0.0,1,Developing Players
Altamirano C.,1.0,1.0,0.0,0.0,345.0,0.0,0.0,0.0,1,Developing Players
Altmaier D.,120.0,70.0,0.0,41.0,47.0,23.0,5.0,13.0,1,Developing Players
Alund M.,17.0,14.0,0.0,7.0,91.0,7.0,0.0,0.0,1,Developing Players
Alvarez Varona N.,3.0,2.0,0.0,1.0,231.0,0.0,0.0,1.0,1,Developing Players
Alves M.,1.0,1.0,0.0,0.0,556.0,0.0,0.0,0.0,1,Developing Players
Alves T.,28.0,20.0,0.0,7.0,105.0,1.0,2.0,4.0,1,Developing Players
Amritraj P.,21.0,5.0,1.0,10.0,159.0,0.0,8.0,2.0,1,Developing Players
Ancic M.,178.0,67.0,8.0,118.0,9.0,17.0,16.0,85.0,1,Developing Players
Anderson A.,1.0,1.0,0.0,0.0,1564.0,0.0,0.0,0.0,1,Developing Players
Anderson K.,573.0,129.0,20.0,331.0,5.0,57.0,46.0,228.0,1,Developing Players
Anderson O.,1.0,1.0,0.0,0.0,813.0,0.0,0.0,0.0,1,Developing Players
Andreev A.,7.0,6.0,0.0,2.0,211.0,0.0,0.0,2.0,1,Developing Players
Andreev I.,325.0,116.0,6.0,167.0,19.0,81.0,8.0,78.0,1,Developing Players
Andreev I. ,1.0,1.0,0.0,0.0,35.0,0.0,0.0,0.0,1,Developing Players
Andreozzi G.,40.0,31.0,0.0,12.0,74.0,6.0,1.0,5.0,1,Developing Players
Androic T.,2.0,2.0,0.0,0.0,294.0,0.0,0.0,0.0,1,Developing Players
Andujar P.,383.0,128.0,9.0,153.0,36.0,111.0,3.0,39.0,1,Developing Players
Aragone J.,2.0,2.0,0.0,0.0,289.0,0.0,0.0,0.0,1,Developing Players
Aragone J.C.,1.0,1.0,0.0,0.0,299.0,0.0,0.0,0.0,1,Developing Players
Aragone JC,1.0,1.0,0.0,0.0,265.0,0.0,0.0,0.0,1,Developing Players
Aranguren J.M.,2.0,2.0,0.0,0.0,257.0,0.0,0.0,0.0,1,Developing Players
Arevalo M.,2.0,2.0,0.0,0.0,145.0,0.0,0.0,0.0,1,Developing Players
Arguello F.,16.0,11.0,0.0,1.0,107.0,1.0,0.0,0.0,1,Developing Players
Armando H.,15.0,12.0,0.0,5.0,167.0,5.0,0.0,0.0,1,Developing Players
Arnaboldi A.,14.0,10.0,0.0,4.0,165.0,4.0,0.0,0.0,1,Developing Players
Arnaldi M.,79.0,41.0,0.0,40.0,30.0,16.0,1.0,23.0,1,Developing Players
Arthurs W.,31.0,21.0,0.0,14.0,77.0,0.0,3.0,11.0,1,Developing Players
Artunedo Martinavarro A.,1.0,1.0,0.0,0.0,340.0,0.0,0.0,0.0,1,Developing Players
Arvidsson I.,1.0,1.0,0.0,0.0,507.0,0.0,0.0,0.0,1,Developing Players
Ascione T.,33.0,19.0,0.0,7.0,82.0,3.0,0.0,4.0,1,Developing Players
Atmane T.,12.0,10.0,0.0,3.0,121.0,1.0,0.0,2.0,1,Developing Players
Auckland J.,2.0,1.0,0.0,1.0,414.0,0.0,0.0,1.0,1,Developing Players
Auger-Aliassime F.,321.0,104.0,15.0,189.0,6.0,42.0,21.0,126.0,1,Developing Players
Authom M.,2.0,2.0,0.0,0.0,156.0,0.0,0.0,0.0,1,Developing Players
Avidzba A.,2.0,1.0,0.0,1.0,498.0,0.0,0.0,1.0,1,Developing Players
Awadhy O.,1.0,1.0,0.0,0.0,1112.0,0.0,0.0,0.0,1,Developing Players
Azzaro L.,3.0,3.0,0.0,0.0,295.0,0.0,0.0,0.0,1,Developing Players
Bachinger M.,81.0,49.0,1.0,30.0,86.0,10.0,2.0,18.0,1,Developing Players
Baez S.,157.0,69.0,8.0,82.0,4.0,63.0,3.0,16.0,1,Developing Players
Baghdatis M.,544.0,145.0,13.0,304.0,8.0,27.0,48.0,229.0,1,Developing Players
Bagnis F.,124.0,51.0,2.0,43.0,55.0,35.0,0.0,8.0,1,Developing Players
Bahrouzyan O.,1.0,1.0,0.0,0.0,808.0,0.0,0.0,0.0,1,Developing Players
Bai Y.,8.0,6.0,0.0,2.0,241.0,0.0,0.0,2.0,1,Developing Players
Bailly G.,2.0,1.0,0.0,0.0,869.0,0.0,0.0,0.0,1,Developing Players
Baker B.,45.0,28.0,1.0,18.0,56.0,5.0,4.0,9.0,1,Developing Players
Baker J.,19.0,11.0,0.0,3.0,200.0,0.0,3.0,0.0,1,Developing Players
Balazs A.,32.0,18.0,1.0,16.0,78.0,16.0,0.0,0.0,1,Developing Players
Baldi F.,3.0,3.0,0.0,0.0,149.0,0.0,0.0,0.0,1,Developing Players
Ball C.,18.0,11.0,1.0,7.0,131.0,1.0,0.0,6.0,1,Developing Players
Balleret B.,10.0,4.0,0.0,2.0,234.0,1.0,0.0,1.0,1,Developing Players
Baluda V.,1.0,1.0,0.0,0.0,466.0,0.0,0.0,0.0,1,Developing Players
Bangoura S.,1.0,1.0,0.0,0.0,313.0,0.0,0.0,0.0,1,Developing Players
Barranco Cosano J.,1.0,1.0,0.0,0.0,254.0,0.0,0.0,0.0,1,Developing Players
Barrere G.,101.0,45.0,0.0,38.0,55.0,10.0,6.0,22.0,1,Developing Players
Barrientos N.,3.0,2.0,0.0,0.0,293.0,0.0,0.0,0.0,1,Developing Players
Barrios M.,15.0,9.0,0.0,5.0,120.0,4.0,1.0,0.0,1,Developing Players
Barrios Vera M.T.,2.0,1.0,0.0,1.0,300.0,1.0,0.0,0.0,1,Developing Players
Barton M.,8.0,5.0,0.0,4.0,248.0,1.0,1.0,2.0,1,Developing Players
Basic M.,47.0,30.0,1.0,19.0,75.0,4.0,2.0,13.0,1,Developing Players
Basilashvili N.,286.0,100.0,9.0,131.0,16.0,40.0,15.0,76.0,1,Developing Players
Basso A.,1.0,1.0,0.0,0.0,416.0,0.0,0.0,0.0,1,Developing Players
Bastl G.,33.0,19.0,0.0,10.0,129.0,0.0,0.0,10.0,1,Developing Players
Bautista Agut R.,414.0,102.0,15.0,250.0,10.0,63.0,35.0,152.0,1,Developing Players
Bautista R.,211.0,69.0,7.0,128.0,14.0,32.0,13.0,83.0,1,Developing Players
Bautista R. ,1.0,1.0,0.0,0.0,315.0,0.0,0.0,0.0,1,Developing Players
Beck A.,94.0,46.0,1.0,36.0,37.0,16.0,7.0,13.0,1,Developing Players
Beck A. ,1.0,1.0,0.0,0.0,33.0,0.0,0.0,0.0,1,Developing Players
Beck K.,61.0,42.0,0.0,18.0,39.0,0.0,4.0,14.0,1,Developing Players
Becker B.,356.0,129.0,3.0,144.0,39.0,11.0,35.0,98.0,1,Developing Players
Becker B. ,1.0,1.0,0.0,0.0,43.0,0.0,0.0,0.0,1,Developing Players
Bedene A.,272.0,108.0,4.0,123.0,43.0,57.0,13.0,53.0,1,Developing Players
Bega A.,1.0,1.0,0.0,0.0,351.0,0.0,0.0,0.0,1,Developing Players
Behrend T.,26.0,23.0,0.0,8.0,84.0,7.0,0.0,1.0,1,Developing Players
Belic L.,3.0,2.0,0.0,0.0,766.0,0.0,0.0,0.0,1,Developing Players
Bellier A.,9.0,6.0,0.0,4.0,303.0,0.0,3.0,1.0,1,Developing Players
Bellotti R.,1.0,1.0,0.0,0.0,204.0,0.0,0.0,0.0,1,Developing Players
Bellucci M.,14.0,14.0,0.0,5.0,101.0,0.0,0.0,5.0,1,Developing Players
Bellucci T.,367.0,110.0,8.0,169.0,22.0,107.0,6.0,56.0,1,Developing Players
Belyaev I.,1.0,1.0,0.0,0.0,334.0,0.0,0.0,0.0,1,Developing Players
Bemelmans R.,70.0,38.0,0.0,21.0,95.0,2.0,6.0,13.0,1,Developing Players
Benchetrit E.,9.0,6.0,0.0,1.0,217.0,1.0,0.0,0.0,1,Developing Players
Benneteau J.,482.0,120.0,10.0,236.0,25.0,36.0,33.0,167.0,1,Developing Players
Benneteau J. ,1.0,1.0,0.0,0.0,48.0,0.0,0.0,0.0,1,Developing Players
Berankis R.,239.0,101.0,2.0,97.0,54.0,9.0,4.0,84.0,1,Developing Players
Berdych T.,831.0,117.0,31.0,551.0,4.0,116.0,62.0,373.0,2,Top Players
Berdych T. ,2.0,1.0,0.0,1.0,19.0,0.0,0.0,1.0,1,Developing Players
Bergs Z.,43.0,25.0,0.0,16.0,61.0,6.0,0.0,10.0,1,Developing Players
Berlocq C.,294.0,120.0,3.0,120.0,37.0,91.0,5.0,24.0,1,Developing Players
Berrer M.,214.0,93.0,2.0,79.0,43.0,15.0,7.0,57.0,1,Developing Players
Berrettini J.,1.0,1.0,0.0,0.0,842.0,0.0,0.0,0.0,1,Developing Players
Berrettini M.,252.0,79.0,16.0,168.0,6.0,62.0,41.0,65.0,-1,Outlier
Berrettini M. ,3.0,2.0,0.0,1.0,8.0,0.0,0.0,1.0,1,Developing Players
Bester P.,5.0,4.0,0.0,0.0,705.0,0.0,0.0,0.0,1,Developing Players
Betov S.,1.0,1.0,0.0,0.0,514.0,0.0,0.0,0.0,1,Developing Players
Bhambri Y.,34.0,22.0,0.0,11.0,85.0,0.0,0.0,11.0,1,Developing Players
Biryukov M.,2.0,2.0,0.0,0.0,310.0,0.0,0.0,0.0,1,Developing Players
Bjorkman J.,103.0,53.0,2.0,47.0,30.0,5.0,17.0,25.0,1,Developing Players
Blake J.,376.0,97.0,20.0,231.0,5.0,23.0,17.0,191.0,1,Developing Players
Blake J. ,1.0,1.0,0.0,0.0,41.0,0.0,0.0,0.0,1,Developing Players
Blancaneaux G.,6.0,6.0,0.0,0.0,139.0,0.0,0.0,0.0,1,Developing Players
Blanch D.,2.0,2.0,0.0,0.0,652.0,0.0,0.0,0.0,1,Developing Players
Blanch U.,1.0,1.0,0.0,0.0,244.0,0.0,0.0,0.0,1,Developing Players
Blanchet U.,3.0,2.0,0.0,1.0,161.0,1.0,0.0,0.0,1,Developing Players
Blanco G.,3.0,3.0,0.0,1.0,292.0,1.0,0.0,0.0,1,Developing Players
Blockx A.,2.0,2.0,0.0,0.0,231.0,0.0,0.0,0.0,1,Developing Players
Bloomfield R.,13.0,7.0,0.0,3.0,194.0,0.0,3.0,0.0,1,Developing Players
Blumberg W.,1.0,1.0,0.0,0.0,773.0,0.0,0.0,0.0,1,Developing Players
Bogaerts R.,1.0,1.0,0.0,0.0,1149.0,0.0,0.0,0.0,1,Developing Players
Bogdanovic A.,24.0,13.0,0.0,7.0,108.0,0.0,6.0,1.0,1,Developing Players
Bogomolov A.,117.0,62.0,0.0,49.0,33.0,0.0,8.0,41.0,1,Developing Players
Bohli S.,18.0,14.0,0.0,2.0,133.0,1.0,0.0,1.0,1,Developing Players
Bohli S. ,1.0,1.0,0.0,0.0,148.0,0.0,0.0,0.0,1,Developing Players
Bolelli S.,255.0,103.0,1.0,108.0,37.0,48.0,15.0,45.0,1,Developing Players
Bolelli S. ,1.0,1.0,0.0,0.0,94.0,0.0,0.0,0.0,1,Developing Players
Bolt A.,47.0,26.0,0.0,16.0,125.0,0.0,4.0,12.0,1,Developing Players
Bonadio R.,3.0,3.0,0.0,1.0,181.0,1.0,0.0,0.0,1,Developing Players
Bonzi B.,94.0,48.0,3.0,43.0,42.0,4.0,8.0,31.0,1,Developing Players
Bopanna R.,18.0,13.0,0.0,5.0,251.0,0.0,3.0,2.0,1,Developing Players
Borg L.,7.0,5.0,0.0,1.0,359.0,1.0,0.0,0.0,1,Developing Players
Borges N.,82.0,47.0,1.0,35.0,33.0,15.0,0.0,20.0,1,Developing Players
Borvanov R.,1.0,1.0,0.0,0.0,357.0,0.0,0.0,0.0,1,Developing Players
Bossel A.,2.0,2.0,0.0,0.0,402.0,0.0,0.0,0.0,1,Developing Players
Bourchier H.,2.0,1.0,0.0,1.0,324.0,0.0,0.0,1.0,1,Developing Players
Bourgeois L.,1.0,1.0,0.0,0.0,369.0,0.0,0.0,0.0,1,Developing Players
Bourgue M.,6.0,4.0,0.0,1.0,156.0,1.0,0.0,0.0,1,Developing Players
Bowles C.,1.0,1.0,0.0,0.0,1401.0,0.0,0.0,0.0,1,Developing Players
Bozoljac I.,24.0,16.0,0.0,7.0,126.0,2.0,2.0,3.0,1,Developing Players
Bracciali D.,68.0,48.0,1.0,27.0,53.0,9.0,5.0,13.0,1,Developing Players
Brancaccio R.,1.0,1.0,0.0,0.0,336.0,0.0,0.0,0.0,1,Developing Players
Brands D.,147.0,73.0,0.0,55.0,52.0,19.0,6.0,30.0,1,Developing Players
Britton D.,2.0,2.0,0.0,0.0,1370.0,0.0,0.0,0.0,1,Developing Players
Brizzi A.,1.0,1.0,0.0,0.0,273.0,0.0,0.0,0.0,1,Developing Players
Broady L.,51.0,30.0,0.0,19.0,108.0,0.0,9.0,10.0,1,Developing Players
Brooksby J.,76.0,38.0,3.0,43.0,34.0,2.0,7.0,34.0,1,Developing Players
Broom C.,2.0,2.0,0.0,0.0,245.0,0.0,0.0,0.0,1,Developing Players
Brouwer G.,26.0,17.0,0.0,12.0,116.0,5.0,3.0,4.0,1,Developing Players
Brown D.,155.0,61.0,0.0,62.0,66.0,21.0,18.0,23.0,1,Developing Players
Brugues-Davi A.,4.0,3.0,0.0,1.0,172.0,0.0,0.0,1.0,1,Developing Players
Bryde T.,1.0,1.0,0.0,0.0,1164.0,0.0,0.0,0.0,1,Developing Players
Brzezicki J.P.,21.0,16.0,0.0,6.0,99.0,6.0,0.0,0.0,1,Developing Players
Bu Y.,14.0,9.0,0.0,8.0,69.0,0.0,0.0,8.0,1,Developing Players
Bubka S.,15.0,12.0,0.0,4.0,148.0,0.0,1.0,3.0,1,Developing Players
Bublik A.,267.0,91.0,10.0,135.0,17.0,19.0,31.0,85.0,1,Developing Players
Buchanan C.,2.0,2.0,0.0,0.0,172.0,0.0,0.0,0.0,1,Developing Players
Burgsmuller L.,20.0,16.0,0.0,5.0,85.0,0.0,0.0,5.0,1,Developing Players
Burniol G.,1.0,1.0,0.0,0.0,505.0,0.0,0.0,0.0,1,Developing Players
Burquier G.,1.0,1.0,0.0,0.0,205.0,0.0,0.0,0.0,1,Developing Players
Burruchaga R.,4.0,4.0,0.0,1.0,159.0,1.0,0.0,0.0,1,Developing Players
Cabal J.S.,1.0,1.0,0.0,0.0,257.0,0.0,0.0,0.0,1,Developing Players
Cachin P.,70.0,40.0,1.0,24.0,54.0,19.0,0.0,5.0,1,Developing Players
Cacic N.,2.0,1.0,0.0,1.0,761.0,1.0,0.0,0.0,1,Developing Players
Cakl T.,8.0,6.0,0.0,1.0,161.0,0.0,0.0,1.0,1,Developing Players
Calatrava A.,9.0,7.0,0.0,2.0,130.0,1.0,0.0,1.0,1,Developing Players
Calleri A.,157.0,68.0,3.0,78.0,26.0,49.0,3.0,26.0,1,Developing Players
Canas G.,112.0,56.0,3.0,61.0,14.0,30.0,7.0,24.0,1,Developing Players
Capdeville P.,95.0,49.0,0.0,33.0,76.0,11.0,2.0,20.0,1,Developing Players
Carballes Baena R.,253.0,93.0,3.0,113.0,51.0,81.0,4.0,28.0,1,Developing Players
Carlsen K.,46.0,32.0,0.0,18.0,53.0,0.0,0.0,18.0,1,Developing Players
Carraz G.,6.0,5.0,0.0,1.0,125.0,0.0,0.0,1.0,1,Developing Players
Carreno Busta P.,346.0,108.0,11.0,210.0,10.0,78.0,6.0,126.0,1,Developing Players
Carreno-Busta P.,104.0,59.0,1.0,39.0,49.0,28.0,0.0,11.0,1,Developing Players
Caruana L.,1.0,1.0,0.0,0.0,397.0,0.0,0.0,0.0,1,Developing Players
Caruso S.,62.0,41.0,0.0,19.0,76.0,8.0,0.0,11.0,1,Developing Players
Casanova H.,1.0,1.0,0.0,0.0,321.0,0.0,0.0,0.0,1,Developing Players
Catarina L.,4.0,2.0,0.0,0.0,554.0,0.0,0.0,0.0,1,Developing Players
Cazaux A.,28.0,18.0,0.0,11.0,75.0,1.0,1.0,9.0,1,Developing Players
Cecchinato M.,200.0,83.0,5.0,74.0,16.0,62.0,2.0,10.0,1,Developing Players
Celikbilek A.,9.0,6.0,0.0,4.0,230.0,0.0,1.0,3.0,1,Developing Players
Cermak F.,6.0,4.0,0.0,3.0,413.0,3.0,0.0,0.0,1,Developing Players
Cerundolo F.,165.0,64.0,5.0,87.0,19.0,53.0,7.0,27.0,1,Developing Players
Cerundolo J.M.,37.0,21.0,1.0,16.0,79.0,9.0,0.0,7.0,1,Developing Players
Cervantes I.,49.0,34.0,0.0,17.0,56.0,12.0,1.0,4.0,1,Developing Players
Cervenak P.,9.0,5.0,0.0,5.0,204.0,5.0,0.0,0.0,1,Developing Players
Chadaj A.,2.0,2.0,0.0,1.0,230.0,1.0,0.0,0.0,1,Developing Players
Chaen T.,1.0,1.0,0.0,0.0,625.0,0.0,0.0,0.0,1,Developing Players
Chaki R.,1.0,1.0,0.0,0.0,482.0,0.0,0.0,0.0,1,Developing Players
Chappell N.,2.0,2.0,0.0,0.0,432.0,0.0,0.0,0.0,1,Developing Players
Chardy J.,571.0,154.0,3.0,275.0,25.0,99.0,28.0,148.0,1,Developing Players
Chardy J. ,2.0,2.0,0.0,1.0,31.0,0.0,0.0,1.0,1,Developing Players
Chela J.,2.0,2.0,0.0,1.0,38.0,1.0,0.0,0.0,1,Developing Players
Chela J.I.,286.0,94.0,6.0,143.0,16.0,89.0,2.0,52.0,1,Developing Players
Chen T.,3.0,3.0,0.0,0.0,282.0,0.0,0.0,0.0,1,Developing Players
Chidekh C.,1.0,1.0,0.0,0.0,434.0,0.0,0.0,0.0,1,Developing Players
Childs L.,1.0,1.0,0.0,0.0,408.0,0.0,0.0,0.0,1,Developing Players
Chiudinelli M.,108.0,51.0,0.0,36.0,53.0,7.0,5.0,24.0,1,Developing Players
Chiudinelli M. ,4.0,2.0,0.0,3.0,73.0,0.0,0.0,3.0,1,Developing Players
Choinski J.,9.0,8.0,0.0,2.0,151.0,1.0,1.0,0.0,1,Developing Players
Chrysochos P.,1.0,1.0,0.0,0.0,1360.0,0.0,0.0,0.0,1,Developing Players
Chung H.,133.0,61.0,0.0,68.0,22.0,16.0,1.0,51.0,1,Developing Players
Chung Y.,2.0,2.0,0.0,0.0,322.0,0.0,0.0,0.0,1,Developing Players
Chvojka E.,2.0,2.0,0.0,0.0,290.0,0.0,0.0,0.0,1,Developing Players
Cilic M.,839.0,150.0,36.0,527.0,3.0,117.0,74.0,336.0,2,Top Players
Cilic M. ,3.0,1.0,0.0,2.0,13.0,0.0,0.0,2.0,1,Developing Players
Ciorcila P.,1.0,1.0,0.0,0.0,589.0,0.0,0.0,0.0,1,Developing Players
Cipolla F.,92.0,57.0,0.0,27.0,70.0,10.0,0.0,17.0,1,Developing Players
Clarke J.,13.0,7.0,0.0,2.0,156.0,0.0,2.0,0.0,1,Developing Players
Clayton A.,1.0,1.0,0.0,0.0,1281.0,0.0,0.0,0.0,1,Developing Players
Clemens T.,4.0,3.0,0.0,2.0,265.0,0.0,0.0,2.0,1,Developing Players
Clement A.,230.0,82.0,4.0,103.0,34.0,10.0,21.0,72.0,1,Developing Players
Clezar G.,11.0,4.0,0.0,1.0,163.0,1.0,0.0,0.0,1,Developing Players
Cobolli F.,72.0,44.0,1.0,38.0,30.0,14.0,3.0,21.0,1,Developing Players
Collarini A.,2.0,2.0,0.0,0.0,264.0,0.0,0.0,0.0,1,Developing Players
Collignon R.,1.0,1.0,0.0,0.0,164.0,0.0,0.0,0.0,1,Developing Players
Comesana F.,11.0,9.0,0.0,4.0,100.0,0.0,2.0,2.0,1,Developing Players
Copil M.,127.0,60.0,2.0,47.0,56.0,7.0,6.0,34.0,1,Developing Players
Coppejans K.,13.0,11.0,0.0,1.0,158.0,0.0,0.0,1.0,1,Developing Players
Coria F.,118.0,53.0,2.0,48.0,49.0,43.0,0.0,5.0,1,Developing Players
Coria G.,56.0,33.0,2.0,30.0,6.0,16.0,0.0,14.0,1,Developing Players
Coric B.,365.0,107.0,9.0,192.0,12.0,59.0,11.0,122.0,1,Developing Players
Corrie E.,1.0,1.0,0.0,0.0,330.0,0.0,0.0,0.0,1,Developing Players
Costa A.,11.0,9.0,0.0,4.0,100.0,4.0,0.0,0.0,1,Developing Players
Couacaud E.,11.0,11.0,0.0,2.0,177.0,1.0,0.0,1.0,1,Developing Players
Cox D.,5.0,4.0,0.0,0.0,272.0,0.0,0.0,0.0,1,Developing Players
Cressy M.,100.0,57.0,4.0,43.0,32.0,1.0,13.0,29.0,1,Developing Players
Crivoi V.,40.0,26.0,0.0,12.0,79.0,9.0,1.0,2.0,1,Developing Players
Cruciat A.,2.0,2.0,0.0,0.0,183.0,0.0,0.0,0.0,1,Developing Players
Crugnola M.,3.0,3.0,0.0,0.0,237.0,0.0,0.0,0.0,1,Developing Players
Cuadrado C.,5.0,3.0,0.0,3.0,308.0,3.0,0.0,0.0,1,Developing Players
Cuevas P.,408.0,120.0,10.0,203.0,20.0,145.0,7.0,51.0,1,Developing Players
Cuevas P. ,2.0,1.0,0.0,1.0,50.0,0.0,0.0,1.0,1,Developing Players
Cui J.,1.0,1.0,0.0,0.0,583.0,0.0,0.0,0.0,1,Developing Players
Dabul B.,40.0,28.0,0.0,13.0,84.0,6.0,2.0,5.0,1,Developing Players
Damm M.,2.0,2.0,0.0,1.0,204.0,0.0,0.0,1.0,1,Developing Players
Dancevic F.,123.0,49.0,2.0,48.0,67.0,0.0,19.0,29.0,1,Developing Players
Daniel M.,71.0,43.0,0.0,18.0,73.0,16.0,1.0,1.0,1,Developing Players
Daniel T.,214.0,105.0,2.0,75.0,63.0,34.0,0.0,41.0,1,Developing Players
Darcis S.,186.0,82.0,3.0,82.0,38.0,24.0,12.0,46.0,1,Developing Players
Darderi L.,50.0,36.0,1.0,24.0,32.0,20.0,2.0,2.0,1,Developing Players
Dasnieres de Veigy J.,6.0,4.0,0.0,1.0,227.0,1.0,0.0,0.0,1,Developing Players
Davidovich Fokina A.,214.0,76.0,1.0,107.0,21.0,40.0,6.0,61.0,1,Developing Players
Davletshin V.,1.0,1.0,0.0,0.0,620.0,0.0,0.0,0.0,1,Developing Players
Davydenko N.,529.0,110.0,21.0,344.0,3.0,109.0,8.0,227.0,4,Developing Players
Davydenko N. ,4.0,2.0,0.0,3.0,7.0,0.0,0.0,3.0,1,Developing Players
Davydenko P.,3.0,2.0,0.0,1.0,658.0,1.0,0.0,0.0,1,Developing Players
De Bakker T.,127.0,70.0,0.0,50.0,43.0,21.0,6.0,23.0,1,Developing Players
De Chaunac S.,10.0,6.0,0.0,5.0,144.0,0.0,0.0,5.0,1,Developing Players
De Greef A.,8.0,6.0,0.0,3.0,127.0,2.0,0.0,1.0,1,Developing Players
De Heart R.,2.0,1.0,0.0,1.0,261.0,0.0,0.0,1.0,1,Developing Players
De Jong J.,10.0,10.0,0.0,2.0,141.0,1.0,0.0,1.0,1,Developing Players
De Loore J.,2.0,2.0,0.0,0.0,174.0,0.0,0.0,0.0,1,Developing Players
De Minaur A.,344.0,89.0,16.0,209.0,7.0,26.0,32.0,151.0,1,Developing Players
De Paula F.,1.0,1.0,0.0,0.0,458.0,0.0,0.0,0.0,1,Developing Players
De Schepper K.,85.0,44.0,0.0,24.0,62.0,5.0,7.0,12.0,1,Developing Players
De Voest R.,26.0,18.0,0.0,6.0,122.0,0.0,1.0,5.0,1,Developing Players
Decoud S.,8.0,6.0,0.0,4.0,173.0,4.0,0.0,0.0,1,Developing Players
Deen Heshaam A.,1.0,1.0,0.0,0.0,1557.0,0.0,0.0,0.0,1,Developing Players
Deheart R.,2.0,2.0,0.0,0.0,226.0,0.0,0.0,0.0,1,Developing Players
Del Bonis F.,13.0,9.0,0.0,6.0,146.0,6.0,0.0,0.0,1,Developing Players
Del Potro J.,3.0,2.0,0.0,2.0,75.0,2.0,0.0,0.0,1,Developing Players
Del Potro J. M.,2.0,2.0,0.0,1.0,30.0,1.0,0.0,0.0,1,Developing Players
Del Potro J.M.,551.0,114.0,34.0,398.0,3.0,71.0,35.0,292.0,3,Top Players
Delbonis F.,334.0,113.0,4.0,147.0,33.0,122.0,0.0,25.0,1,Developing Players
Delgado J.,3.0,3.0,0.0,1.0,240.0,0.0,1.0,0.0,1,Developing Players
Delgado R.,18.0,16.0,0.0,5.0,103.0,0.0,1.0,4.0,1,Developing Players
Delic A.,59.0,37.0,0.0,20.0,66.0,1.0,2.0,17.0,1,Developing Players
Delic M.,10.0,8.0,0.0,2.0,181.0,2.0,0.0,0.0,1,Developing Players
Dell'Acqua M.,2.0,1.0,0.0,1.0,472.0,0.0,1.0,0.0,1,Developing Players
Dellien H.,73.0,38.0,0.0,21.0,76.0,21.0,0.0,0.0,1,Developing Players
Demoliner M.,2.0,2.0,0.0,1.0,1184.0,1.0,0.0,0.0,1,Developing Players
Dent T.,79.0,46.0,0.0,35.0,21.0,2.0,3.0,30.0,1,Developing Players
Desein N.,3.0,3.0,0.0,0.0,170.0,0.0,0.0,0.0,1,Developing Players
Dev Varman S.,3.0,2.0,0.0,0.0,1035.0,0.0,0.0,0.0,1,Developing Players
Devilder N.,60.0,37.0,0.0,16.0,60.0,11.0,2.0,3.0,1,Developing Players
Devvarman S.,109.0,52.0,1.0,44.0,65.0,6.0,2.0,36.0,1,Developing Players
Di Mauro A.,1.0,1.0,0.0,0.0,257.0,0.0,0.0,0.0,1,Developing Players
Diallo G.,18.0,11.0,1.0,7.0,105.0,0.0,0.0,7.0,1,Developing Players
Diaz Acosta F.,40.0,26.0,1.0,18.0,52.0,16.0,0.0,2.0,1,Developing Players
Diez S.,8.0,8.0,0.0,1.0,192.0,0.0,0.0,1.0,1,Developing Players
Dimitrov G.,707.0,115.0,21.0,431.0,3.0,94.0,44.0,293.0,3,Top Players
Djere L.,267.0,104.0,5.0,129.0,32.0,81.0,6.0,42.0,1,Developing Players
Djokovic M.,3.0,3.0,0.0,0.0,869.0,0.0,0.0,0.0,1,Developing Players
Djokovic N.,1201.0,98.0,136.0,1016.0,1.0,261.0,113.0,642.0,-1,Outlier
Djokovic N. ,8.0,3.0,1.0,6.0,2.0,0.0,0.0,6.0,1,Developing Players
Djuric B.,1.0,1.0,0.0,0.0,781.0,0.0,0.0,0.0,1,Developing Players
Dlouhy L.,60.0,43.0,0.0,16.0,74.0,10.0,1.0,5.0,1,Developing Players
Do M.Q.,1.0,1.0,0.0,0.0,1422.0,0.0,0.0,0.0,1,Developing Players
Dodig I.,232.0,88.0,2.0,110.0,29.0,25.0,14.0,71.0,1,Developing Players
Dodig M.,2.0,2.0,0.0,1.0,310.0,1.0,0.0,0.0,1,Developing Players
Dolgopolov A.,3.0,3.0,0.0,0.0,89.0,0.0,0.0,0.0,1,Developing Players
Dolgopolov O.,389.0,113.0,9.0,206.0,13.0,61.0,22.0,123.0,1,Developing Players
Domingues J.,10.0,9.0,0.0,4.0,169.0,4.0,0.0,0.0,1,Developing Players
Donaldson J.,106.0,48.0,0.0,44.0,48.0,4.0,5.0,35.0,1,Developing Players
Donati M.,2.0,1.0,0.0,1.0,282.0,1.0,0.0,0.0,1,Developing Players
Donski A.,1.0,1.0,0.0,0.0,1529.0,0.0,0.0,0.0,1,Developing Players
Donskoy E.,159.0,78.0,0.0,48.0,66.0,6.0,4.0,38.0,1,Developing Players
Dorsch B.,3.0,3.0,0.0,0.0,215.0,0.0,0.0,0.0,1,Developing Players
Dougaz A.,1.0,1.0,0.0,0.0,235.0,0.0,0.0,0.0,1,Developing Players
Draper J.,111.0,53.0,4.0,73.0,15.0,8.0,15.0,50.0,1,Developing Players
Droguet T.,4.0,3.0,0.0,1.0,141.0,0.0,0.0,1.0,1,Developing Players
Dubrivnyy A.,1.0,1.0,0.0,0.0,424.0,0.0,0.0,0.0,1,Developing Players
Duckworth J.,167.0,73.0,1.0,63.0,51.0,5.0,11.0,47.0,1,Developing Players
Duclos P.L.,4.0,3.0,0.0,1.0,244.0,0.0,0.0,1.0,1,Developing Players
Dupuis A.,16.0,10.0,0.0,8.0,111.0,1.0,6.0,1.0,1,Developing Players
Durasovic V.,2.0,2.0,0.0,0.0,354.0,0.0,0.0,0.0,1,Developing Players
Dustov F.,6.0,5.0,0.0,0.0,142.0,0.0,0.0,0.0,1,Developing Players
Dutra Da Silva D.,1.0,1.0,0.0,0.0,215.0,0.0,0.0,0.0,1,Developing Players
Dutra Da Silva R.,1.0,1.0,0.0,0.0,114.0,0.0,0.0,0.0,1,Developing Players
Dutra Silva R.,77.0,40.0,0.0,21.0,94.0,15.0,0.0,6.0,1,Developing Players
Dzumhur D.,223.0,86.0,4.0,101.0,23.0,24.0,10.0,67.0,1,Developing Players
Eaton C.,2.0,1.0,0.0,1.0,661.0,0.0,1.0,0.0,1,Developing Players
Ebden M.,192.0,89.0,1.0,70.0,43.0,2.0,19.0,49.0,1,Developing Players
Ebelthite C.,1.0,1.0,0.0,0.0,254.0,0.0,0.0,0.0,1,Developing Players
Echagaray B.,4.0,3.0,0.0,0.0,181.0,0.0,0.0,0.0,1,Developing Players
Economidis K.,10.0,10.0,0.0,1.0,123.0,1.0,0.0,0.0,1,Developing Players
Edmund K.,224.0,78.0,3.0,109.0,14.0,23.0,11.0,75.0,1,Developing Players
Ehrat S.,3.0,2.0,0.0,0.0,427.0,0.0,0.0,0.0,1,Developing Players
Eitzinger R.,9.0,7.0,0.0,3.0,205.0,2.0,0.0,1.0,1,Developing Players
El Aarej M.,1.0,1.0,0.0,0.0,589.0,0.0,0.0,0.0,1,Developing Players
El Amrani R.,6.0,3.0,0.0,2.0,286.0,2.0,0.0,0.0,1,Developing Players
El Aynaoui Y.,18.0,12.0,0.0,9.0,189.0,5.0,0.0,4.0,1,Developing Players
Eleskovic E.,7.0,5.0,0.0,2.0,543.0,2.0,0.0,0.0,1,Developing Players
Elgin M.,7.0,3.0,0.0,2.0,145.0,0.0,0.0,2.0,1,Developing Players
Elias G.,64.0,41.0,0.0,22.0,61.0,19.0,0.0,3.0,1,Developing Players
Elseneer G.,2.0,2.0,0.0,0.0,177.0,0.0,0.0,0.0,1,Developing Players
Elsner D.,2.0,2.0,0.0,1.0,339.0,1.0,0.0,0.0,1,Developing Players
Emmrich M.,1.0,1.0,0.0,0.0,994.0,0.0,0.0,0.0,1,Developing Players
Engel J.,2.0,2.0,0.0,1.0,458.0,0.0,0.0,1.0,1,Developing Players
Enqvist T.,3.0,2.0,0.0,1.0,155.0,0.0,0.0,1.0,1,Developing Players
Eriksson M.,4.0,3.0,0.0,0.0,399.0,0.0,0.0,0.0,1,Developing Players
Erler A.,2.0,1.0,0.0,1.0,337.0,1.0,0.0,0.0,1,Developing Players
Eschauer W.,30.0,23.0,1.0,7.0,52.0,5.0,1.0,1.0,1,Developing Players
Escobar G.,2.0,2.0,0.0,0.0,364.0,0.0,0.0,0.0,1,Developing Players
Escobedo E.,58.0,33.0,0.0,19.0,75.0,3.0,2.0,14.0,1,Developing Players
Escoffier A.,1.0,1.0,0.0,0.0,172.0,0.0,0.0,0.0,1,Developing Players
Estrella Burgos V.,104.0,51.0,3.0,45.0,48.0,32.0,4.0,9.0,1,Developing Players
Estrella V.,1.0,1.0,0.0,0.0,243.0,0.0,0.0,0.0,1,Developing Players
Etcheverry T.,126.0,63.0,3.0,57.0,27.0,34.0,2.0,21.0,1,Developing Players
Eubanks C.,100.0,53.0,1.0,40.0,29.0,1.0,15.0,24.0,1,Developing Players
Evans B.,17.0,12.0,0.0,6.0,121.0,0.0,4.0,2.0,1,Developing Players
Evans D.,279.0,98.0,4.0,128.0,21.0,17.0,16.0,95.0,1,Developing Players
Eysseric J.,4.0,3.0,0.0,0.0,290.0,0.0,0.0,0.0,1,Developing Players
Fabbiano T.,87.0,55.0,0.0,25.0,70.0,5.0,8.0,12.0,1,Developing Players
Falla A.,229.0,91.0,2.0,84.0,52.0,19.0,15.0,50.0,1,Developing Players
Falla A. ,1.0,1.0,0.0,0.0,98.0,0.0,0.0,0.0,1,Developing Players
Fancutt T.,1.0,1.0,0.0,0.0,562.0,0.0,0.0,0.0,1,Developing Players
Fanselow S.,1.0,1.0,0.0,0.0,316.0,0.0,0.0,0.0,1,Developing Players
Farah R.,8.0,5.0,0.0,3.0,210.0,3.0,0.0,0.0,1,Developing Players
Faria J.,2.0,2.0,0.0,0.0,170.0,0.0,0.0,0.0,1,Developing Players
Faurel J.C.,8.0,8.0,0.0,2.0,175.0,0.0,0.0,2.0,1,Developing Players
Fearnley J.,5.0,5.0,0.0,2.0,99.0,0.0,1.0,1.0,1,Developing Players
Federer R.,979.0,73.0,115.0,830.0,1.0,148.0,131.0,551.0,-1,Outlier
Federer R. ,9.0,4.0,1.0,6.0,1.0,0.0,0.0,6.0,1,Developing Players
Ferreira Silva F.,2.0,2.0,0.0,0.0,185.0,0.0,0.0,0.0,1,Developing Players
Ferreiro F.,4.0,3.0,0.0,2.0,192.0,2.0,0.0,0.0,1,Developing Players
Ferrer D.,874.0,140.0,48.0,594.0,3.0,237.0,38.0,319.0,-1,Outlier
Ferrer D. ,1.0,1.0,0.0,1.0,18.0,0.0,0.0,1.0,1,Developing Players
Ferrero J.C.,301.0,95.0,11.0,178.0,14.0,98.0,15.0,65.0,1,Developing Players
Ferrero J.C. ,1.0,1.0,0.0,0.0,22.0,0.0,0.0,0.0,1,Developing Players
Fery A.,2.0,2.0,0.0,0.0,247.0,0.0,0.0,0.0,1,Developing Players
Ficovich J.P.,3.0,2.0,0.0,1.0,244.0,1.0,0.0,0.0,1,Developing Players
Fidirko N.,1.0,1.0,0.0,0.0,934.0,0.0,0.0,0.0,1,Developing Players
Fils A.,89.0,47.0,4.0,50.0,20.0,16.0,5.0,29.0,1,Developing Players
Fischer M.,21.0,17.0,0.0,2.0,122.0,1.0,1.0,0.0,1,Developing Players
Fish A.,1.0,1.0,0.0,0.0,56.0,0.0,0.0,0.0,1,Developing Players
Fish M.,323.0,86.0,12.0,198.0,7.0,19.0,27.0,152.0,1,Developing Players
Fleishman Z.,15.0,10.0,0.0,5.0,141.0,0.0,0.0,5.0,1,Developing Players
Fleming C.,2.0,1.0,0.0,0.0,110.0,0.0,0.0,0.0,1,Developing Players
Fognini F.,746.0,167.0,19.0,384.0,9.0,222.0,24.0,138.0,-1,Outlier
Fonseca J.,12.0,9.0,0.0,5.0,217.0,5.0,0.0,0.0,1,Developing Players
Forbes M.,1.0,1.0,0.0,0.0,1848.0,0.0,0.0,0.0,1,Developing Players
Forejtek J.,2.0,1.0,0.0,1.0,399.0,0.0,0.0,1.0,1,Developing Players
Fornell M.,1.0,1.0,0.0,0.0,284.0,0.0,0.0,0.0,1,Developing Players
Fraile G.,6.0,6.0,0.0,0.0,135.0,0.0,0.0,0.0,1,Developing Players
Fratangelo B.,61.0,34.0,0.0,21.0,103.0,5.0,3.0,13.0,1,Developing Players
Friberg K.,1.0,1.0,0.0,0.0,433.0,0.0,0.0,0.0,1,Developing Players
Fritz T.,433.0,104.0,16.0,256.0,5.0,46.0,32.0,178.0,1,Developing Players
Fruttero J.P.,1.0,1.0,0.0,0.0,205.0,0.0,0.0,0.0,1,Developing Players
Fucsovics M.,276.0,97.0,4.0,135.0,35.0,38.0,15.0,82.0,1,Developing Players
Furness E.,1.0,1.0,0.0,0.0,208.0,0.0,0.0,0.0,1,Developing Players
Fyrstenberg M.,2.0,2.0,0.0,0.0,1469.0,0.0,0.0,0.0,1,Developing Players
Gabashvili T.,287.0,125.0,0.0,102.0,44.0,41.0,6.0,55.0,1,Developing Players
Gaio F.,18.0,14.0,0.0,3.0,124.0,3.0,0.0,0.0,1,Developing Players
Gakhov I.,4.0,4.0,0.0,1.0,198.0,1.0,0.0,0.0,1,Developing Players
Galan D.,3.0,2.0,0.0,2.0,153.0,2.0,0.0,0.0,1,Developing Players
Galan D.E.,104.0,54.0,0.0,40.0,56.0,21.0,5.0,14.0,1,Developing Players
Galarneau A.,2.0,1.0,0.0,0.0,192.0,0.0,0.0,0.0,1,Developing Players
Galdon P.,1.0,1.0,0.0,0.0,305.0,0.0,0.0,0.0,1,Developing Players
Galimberti G.,2.0,2.0,0.0,1.0,189.0,0.0,0.0,1.0,1,Developing Players
Gallardo Valles M.,1.0,1.0,0.0,0.0,346.0,0.0,0.0,0.0,1,Developing Players
Galovic V.,7.0,5.0,0.0,2.0,197.0,2.0,0.0,0.0,1,Developing Players
Galvani S.,27.0,19.0,0.0,8.0,102.0,3.0,2.0,3.0,1,Developing Players
Gambill J.M.,8.0,6.0,0.0,3.0,150.0,0.0,0.0,3.0,1,Developing Players
Gao X.,1.0,1.0,0.0,0.0,944.0,0.0,0.0,0.0,1,Developing Players
Garanganga T.,1.0,1.0,0.0,0.0,451.0,0.0,0.0,0.0,1,Developing Players
Garcia A.,7.0,6.0,0.0,0.0,126.0,0.0,0.0,0.0,1,Developing Players
Garcia-Lopez G.,584.0,176.0,9.0,263.0,24.0,118.0,25.0,120.0,1,Developing Players
Garcia-Lopez G. ,3.0,2.0,0.0,2.0,47.0,0.0,0.0,2.0,1,Developing Players
Gard C.,1.0,1.0,0.0,0.0,250.0,0.0,0.0,0.0,1,Developing Players
Garin C.,209.0,84.0,6.0,113.0,17.0,77.0,9.0,27.0,1,Developing Players
Garza D.,4.0,1.0,0.0,0.0,328.0,0.0,0.0,0.0,1,Developing Players
Gasquet R.,875.0,170.0,28.0,532.0,7.0,136.0,62.0,334.0,2,Top Players
Gasquet R. ,3.0,2.0,0.0,2.0,57.0,0.0,0.0,2.0,1,Developing Players
Gaston H.,90.0,45.0,2.0,38.0,58.0,18.0,3.0,17.0,1,Developing Players
Gaudio G.,101.0,52.0,3.0,50.0,8.0,37.0,1.0,12.0,1,Developing Players
Geerts M.,1.0,1.0,0.0,0.0,268.0,0.0,0.0,0.0,1,Developing Players
Gensse A.,4.0,3.0,0.0,1.0,433.0,1.0,0.0,0.0,1,Developing Players
Gerasimov E.,95.0,49.0,1.0,44.0,72.0,3.0,2.0,39.0,1,Developing Players
Ghedin R.,3.0,3.0,0.0,0.0,319.0,0.0,0.0,0.0,1,Developing Players
Ghem A.,7.0,6.0,0.0,2.0,260.0,2.0,0.0,0.0,1,Developing Players
Giannessi A.,35.0,25.0,0.0,12.0,104.0,11.0,0.0,1.0,1,Developing Players
Gicquel M.,188.0,75.0,3.0,86.0,39.0,25.0,10.0,51.0,1,Developing Players
Gigante M.,2.0,2.0,0.0,1.0,139.0,1.0,0.0,0.0,1,Developing Players
Gigounon G.,1.0,1.0,0.0,0.0,209.0,0.0,0.0,0.0,1,Developing Players
Gil F.,112.0,54.0,1.0,47.0,62.0,32.0,1.0,14.0,1,Developing Players
Gimelstob J.,53.0,37.0,1.0,18.0,73.0,2.0,6.0,10.0,1,Developing Players
Gimeno Valero C.,1.0,1.0,0.0,0.0,369.0,0.0,0.0,0.0,1,Developing Players
Gimeno-Traver D.,247.0,108.0,1.0,85.0,44.0,66.0,2.0,17.0,1,Developing Players
Gimeno-Traver D. ,1.0,1.0,0.0,0.0,77.0,0.0,0.0,0.0,1,Developing Players
Ginepri R.,233.0,82.0,1.0,115.0,16.0,11.0,8.0,96.0,1,Developing Players
Giraldo S.,312.0,122.0,2.0,132.0,28.0,69.0,12.0,51.0,1,Developing Players
Giron M.,217.0,86.0,3.0,100.0,37.0,15.0,16.0,69.0,1,Developing Players
Giustino L.,8.0,8.0,0.0,1.0,157.0,1.0,0.0,0.0,1,Developing Players
Goffin D.,536.0,123.0,15.0,302.0,7.0,83.0,29.0,190.0,1,Developing Players
Gojo B.,24.0,20.0,0.0,8.0,72.0,1.0,0.0,7.0,1,Developing Players
Gojowczyk P.,164.0,72.0,3.0,73.0,39.0,7.0,12.0,54.0,1,Developing Players
Golding O.,3.0,3.0,0.0,0.0,491.0,0.0,0.0,0.0,1,Developing Players
Goldstein P.,72.0,41.0,0.0,32.0,58.0,4.0,4.0,24.0,1,Developing Players
Golubev A.,150.0,77.0,3.0,48.0,33.0,16.0,1.0,31.0,1,Developing Players
Gombos N.,66.0,40.0,0.0,21.0,81.0,9.0,0.0,12.0,1,Developing Players
Gomez A.,2.0,1.0,0.0,1.0,698.0,1.0,0.0,0.0,1,Developing Players
Gomez E.,26.0,21.0,0.0,7.0,90.0,2.0,0.0,5.0,1,Developing Players
Gomez F.,3.0,3.0,0.0,1.0,174.0,0.0,0.0,1.0,1,Developing Players
Gomez L.,6.0,4.0,0.0,0.0,492.0,0.0,0.0,0.0,1,Developing Players
Gomez-Herrera C.,1.0,1.0,0.0,0.0,671.0,0.0,0.0,0.0,1,Developing Players
Gong M.X.,4.0,2.0,0.0,0.0,356.0,0.0,0.0,0.0,1,Developing Players
Gonzalez A.,44.0,32.0,0.0,10.0,74.0,5.0,0.0,5.0,1,Developing Players
Gonzalez F.,277.0,77.0,10.0,184.0,5.0,68.0,15.0,101.0,1,Developing Players
Gonzalez F. ,1.0,1.0,0.0,0.0,11.0,0.0,0.0,0.0,1,Developing Players
Gonzalez M.,85.0,48.0,0.0,28.0,62.0,25.0,0.0,3.0,1,Developing Players
Gonzalez S.,8.0,4.0,0.0,1.0,168.0,1.0,0.0,0.0,1,Developing Players
Goodall J.,10.0,8.0,0.0,1.0,201.0,0.0,1.0,0.0,1,Developing Players
Goransson T.,2.0,2.0,0.0,0.0,800.0,0.0,0.0,0.0,1,Developing Players
Granollers G.,1.0,1.0,0.0,0.0,280.0,0.0,0.0,0.0,1,Developing Players
Granollers M.,419.0,144.0,7.0,186.0,20.0,92.0,15.0,79.0,1,Developing Players
Granollers M. ,1.0,1.0,0.0,0.0,82.0,0.0,0.0,0.0,1,Developing Players
Granollers Pujol G.,1.0,1.0,0.0,0.0,331.0,0.0,0.0,0.0,1,Developing Players
Granollers-Pujol G.,2.0,1.0,0.0,0.0,265.0,0.0,0.0,0.0,1,Developing Players
Granollers-Pujol M.,1.0,1.0,0.0,0.0,291.0,0.0,0.0,0.0,1,Developing Players
Gray A.,3.0,2.0,0.0,1.0,288.0,0.0,1.0,0.0,1,Developing Players
Gregorc L.,11.0,6.0,0.0,6.0,434.0,0.0,0.0,6.0,1,Developing Players
Gremelmayr D.,79.0,49.0,0.0,28.0,66.0,11.0,2.0,15.0,1,Developing Players
Grenier H.,23.0,20.0,0.0,7.0,116.0,2.0,1.0,4.0,1,Developing Players
Greul S.,113.0,67.0,0.0,43.0,58.0,20.0,3.0,20.0,1,Developing Players
Greul S. ,1.0,1.0,0.0,0.0,56.0,0.0,0.0,0.0,1,Developing Players
Griekspoor T.,154.0,66.0,3.0,78.0,23.0,15.0,16.0,47.0,1,Developing Players
Grigelis L.,1.0,1.0,0.0,0.0,243.0,0.0,0.0,0.0,1,Developing Players
Grosjean S.,122.0,55.0,1.0,57.0,18.0,8.0,8.0,41.0,1,Developing Players
Groth S.,89.0,44.0,0.0,33.0,53.0,2.0,12.0,19.0,1,Developing Players
Guccione A.,3.0,2.0,0.0,1.0,92.0,0.0,1.0,0.0,1,Developing Players
Guccione C.,72.0,41.0,2.0,25.0,86.0,0.0,2.0,23.0,1,Developing Players
Guez D.,17.0,11.0,0.0,2.0,133.0,0.0,0.0,2.0,1,Developing Players
Guinard M.,9.0,8.0,0.0,3.0,146.0,2.0,0.0,1.0,1,Developing Players
Gulbis E.,434.0,133.0,7.0,211.0,10.0,63.0,14.0,134.0,1,Developing Players
Gunneswaran P.,28.0,20.0,0.0,7.0,84.0,0.0,2.0,5.0,1,Developing Players
Gutierrez-Ferrol S.,4.0,2.0,0.0,2.0,544.0,2.0,0.0,0.0,1,Developing Players
Guzman J.,1.0,1.0,0.0,0.0,100.0,0.0,0.0,0.0,1,Developing Players
Guzman J.P.,13.0,10.0,0.0,4.0,103.0,4.0,0.0,0.0,1,Developing Players
Haas T.,390.0,103.0,12.0,245.0,9.0,48.0,33.0,164.0,1,Developing Players
Haase R.,441.0,134.0,5.0,194.0,36.0,73.0,22.0,99.0,1,Developing Players
Hadad A.,3.0,3.0,0.0,1.0,344.0,0.0,0.0,1.0,1,Developing Players
Haehnel J.,7.0,7.0,0.0,0.0,142.0,0.0,0.0,0.0,1,Developing Players
Haider-Mauer A.,3.0,3.0,0.0,1.0,254.0,1.0,0.0,0.0,1,Developing Players
Haider-Maurer A.,103.0,61.0,1.0,37.0,47.0,22.0,4.0,11.0,1,Developing Players
Hajek J.,87.0,53.0,0.0,24.0,75.0,17.0,0.0,7.0,1,Developing Players
Halebian A.,1.0,1.0,0.0,0.0,644.0,0.0,0.0,0.0,1,Developing Players
Halys Q.,95.0,54.0,1.0,34.0,62.0,9.0,6.0,19.0,1,Developing Players
Hamou M.,3.0,3.0,0.0,0.0,225.0,0.0,0.0,0.0,1,Developing Players
Hanescu V.,296.0,113.0,5.0,130.0,27.0,85.0,6.0,39.0,1,Developing Players
Hanescu V. ,1.0,1.0,0.0,0.0,36.0,0.0,0.0,0.0,1,Developing Players
Hanfmann Y.,144.0,65.0,2.0,68.0,46.0,46.0,7.0,15.0,1,Developing Players
Hank T.,3.0,2.0,0.0,0.0,446.0,0.0,0.0,0.0,1,Developing Players
Hardt N.,2.0,1.0,0.0,1.0,229.0,1.0,0.0,0.0,1,Developing Players
Harris A.,3.0,2.0,0.0,1.0,162.0,0.0,0.0,1.0,1,Developing Players
Harris B.,14.0,9.0,0.0,7.0,114.0,0.0,6.0,1.0,1,Developing Players
Harris L.,132.0,67.0,2.0,60.0,31.0,6.0,8.0,46.0,1,Developing Players
Harrison C.,14.0,11.0,0.0,6.0,198.0,0.0,2.0,4.0,1,Developing Players
Harrison R.,262.0,84.0,4.0,109.0,41.0,12.0,12.0,85.0,1,Developing Players
Hartfield D.,44.0,28.0,0.0,16.0,73.0,13.0,0.0,3.0,1,Developing Players
Hassan B.,4.0,4.0,0.0,0.0,161.0,0.0,0.0,0.0,1,Developing Players
Healey N.,12.0,8.0,0.0,4.0,163.0,0.0,1.0,3.0,1,Developing Players
Heide G.,5.0,4.0,0.0,2.0,174.0,2.0,0.0,0.0,1,Developing Players
Hemery C.,11.0,9.0,0.0,2.0,127.0,2.0,0.0,0.0,1,Developing Players
Henman T.,77.0,46.0,1.0,38.0,12.0,3.0,7.0,28.0,1,Developing Players
Herbert P-H.,1.0,1.0,0.0,0.0,131.0,0.0,0.0,0.0,1,Developing Players
Herbert P.H,15.0,10.0,1.0,8.0,95.0,1.0,0.0,7.0,1,Developing Players
Herbert P.H.,206.0,81.0,3.0,89.0,36.0,16.0,12.0,61.0,1,Developing Players
Hernandez A.,2.0,2.0,0.0,0.0,521.0,0.0,0.0,0.0,1,Developing Players
Hernandez O.,138.0,70.0,0.0,49.0,48.0,43.0,1.0,5.0,1,Developing Players
Hernandez-Fernandez J,1.0,1.0,0.0,0.0,266.0,0.0,0.0,0.0,1,Developing Players
Hernandez-Fernandez J.,1.0,1.0,0.0,0.0,250.0,0.0,0.0,0.0,1,Developing Players
Hernych J.,136.0,70.0,1.0,53.0,60.0,10.0,14.0,29.0,1,Developing Players
Hernych J. ,2.0,2.0,0.0,1.0,59.0,0.0,0.0,1.0,1,Developing Players
Heuberger I.,2.0,2.0,0.0,0.0,183.0,0.0,0.0,0.0,1,Developing Players
Hewitt L.,331.0,89.0,10.0,202.0,3.0,30.0,53.0,119.0,1,Developing Players
Hijikata R.,60.0,38.0,0.0,25.0,65.0,1.0,6.0,18.0,1,Developing Players
Hoang A.,19.0,13.0,0.0,6.0,104.0,2.0,1.0,3.0,1,Developing Players
Hocevar R.,5.0,5.0,0.0,0.0,170.0,0.0,0.0,0.0,1,Developing Players
Holmgren A.,1.0,1.0,0.0,0.0,901.0,0.0,0.0,0.0,1,Developing Players
Holt B.,9.0,8.0,0.0,2.0,195.0,0.0,0.0,2.0,1,Developing Players
Hong S.,5.0,4.0,0.0,2.0,175.0,0.0,0.0,2.0,1,Developing Players
Horansky F.,8.0,8.0,0.0,1.0,164.0,1.0,0.0,0.0,1,Developing Players
Horna L.,106.0,59.0,2.0,49.0,43.0,36.0,0.0,13.0,1,Developing Players
Hossam K.,1.0,1.0,0.0,0.0,338.0,0.0,0.0,0.0,1,Developing Players
Hrbaty D.,129.0,63.0,1.0,60.0,17.0,8.0,1.0,51.0,1,Developing Players
Hsu Y.,6.0,4.0,0.0,3.0,184.0,0.0,0.0,3.0,1,Developing Players
Huesler M.A.,68.0,46.0,1.0,24.0,47.0,8.0,2.0,14.0,1,Developing Players
Humbert U.,243.0,88.0,8.0,127.0,13.0,13.0,24.0,90.0,1,Developing Players
Hurkacz H.,312.0,85.0,11.0,190.0,6.0,35.0,25.0,130.0,1,Developing Players
Hussey G.,2.0,2.0,0.0,1.0,359.0,0.0,1.0,0.0,1,Developing Players
Huta Galung J.,28.0,21.0,0.0,3.0,92.0,0.0,1.0,2.0,1,Developing Players
Ianni S.,1.0,1.0,0.0,0.0,559.0,0.0,0.0,0.0,1,Developing Players
Idmbarek Y.,2.0,2.0,0.0,0.0,1064.0,0.0,0.0,0.0,1,Developing Players
Ignatik U.,1.0,1.0,0.0,0.0,421.0,0.0,0.0,0.0,1,Developing Players
Ilhan M.,70.0,48.0,0.0,16.0,77.0,4.0,3.0,9.0,1,Developing Players
Ilkel C.,20.0,12.0,0.0,3.0,188.0,0.0,0.0,3.0,1,Developing Players
Inglot D.,1.0,1.0,0.0,0.0,941.0,0.0,0.0,0.0,1,Developing Players
Ionita V.,2.0,2.0,0.0,0.0,271.0,0.0,0.0,0.0,1,Developing Players
Isner J.,748.0,124.0,31.0,464.0,9.0,75.0,51.0,338.0,3,Top Players
Isner J. ,2.0,1.0,0.0,1.0,40.0,0.0,0.0,1.0,1,Developing Players
Istomin D.,412.0,139.0,4.0,185.0,33.0,38.0,33.0,114.0,1,Developing Players
Ito T.,81.0,46.0,0.0,27.0,63.0,3.0,8.0,16.0,1,Developing Players
Ito Y.,1.0,1.0,0.0,0.0,622.0,0.0,0.0,0.0,1,Developing Players
Ittogi T.,1.0,1.0,0.0,0.0,1511.0,0.0,0.0,0.0,1,Developing Players
Ivashka I.,156.0,72.0,1.0,75.0,42.0,13.0,12.0,50.0,1,Developing Players
Iwabuchi S.,6.0,4.0,0.0,2.0,339.0,0.0,0.0,2.0,1,Developing Players
Iwami T.,1.0,1.0,0.0,0.0,557.0,0.0,0.0,0.0,1,Developing Players
Jacquet K.,1.0,1.0,0.0,0.0,209.0,0.0,0.0,0.0,1,Developing Players
Janowicz J.,158.0,63.0,2.0,77.0,14.0,13.0,15.0,49.0,1,Developing Players
Janvier M.,6.0,5.0,0.0,0.0,190.0,0.0,0.0,0.0,1,Developing Players
Jarry N.,192.0,81.0,7.0,96.0,18.0,58.0,8.0,30.0,1,Developing Players
Jasika O.,5.0,3.0,0.0,1.0,290.0,0.0,0.0,1.0,1,Developing Players
Jaziri M.,208.0,80.0,1.0,80.0,44.0,21.0,7.0,52.0,1,Developing Players
Jelenic P.,2.0,2.0,0.0,1.0,544.0,0.0,0.0,1.0,1,Developing Players
Jenkins S.,17.0,9.0,0.0,5.0,196.0,2.0,1.0,2.0,1,Developing Players
Jeong S.Y.,1.0,1.0,0.0,0.0,332.0,0.0,0.0,0.0,1,Developing Players
Johansson J.,21.0,7.0,0.0,13.0,14.0,0.0,0.0,13.0,1,Developing Players
Johansson T.,118.0,57.0,3.0,54.0,13.0,5.0,1.0,48.0,1,Developing Players
Johnson S.,386.0,98.0,6.0,187.0,21.0,34.0,34.0,119.0,1,Developing Players
Jones A.,7.0,6.0,0.0,2.0,137.0,0.0,0.0,2.0,1,Developing Players
Jones G.,7.0,6.0,0.0,1.0,198.0,0.0,0.0,1.0,1,Developing Players
Jones G.D.,1.0,1.0,0.0,0.0,1214.0,0.0,0.0,0.0,1,Developing Players
Jorda Sanchis D.,2.0,1.0,0.0,1.0,329.0,1.0,0.0,0.0,1,Developing Players
Jouan R.,5.0,4.0,0.0,1.0,274.0,0.0,0.0,1.0,1,Developing Players
Jubb P.,9.0,6.0,0.0,3.0,201.0,0.0,3.0,0.0,1,Developing Players
Jun W.,1.0,1.0,0.0,0.0,360.0,0.0,0.0,0.0,1,Developing Players
Jun W.S.,6.0,5.0,0.0,1.0,293.0,0.0,0.0,1.0,1,Developing Players
Junaid R.,2.0,2.0,0.0,0.0,413.0,0.0,0.0,0.0,1,Developing Players
Jung J.,30.0,19.0,0.0,10.0,127.0,0.0,4.0,6.0,1,Developing Players
Junqueira D.,39.0,31.0,0.0,10.0,68.0,9.0,0.0,1.0,1,Developing Players
Kachmazov A.,9.0,6.0,0.0,4.0,252.0,0.0,0.0,4.0,1,Developing Players
Kadhe A.,4.0,2.0,0.0,0.0,392.0,0.0,0.0,0.0,1,Developing Players
Kamke T.,160.0,72.0,0.0,61.0,65.0,16.0,10.0,35.0,1,Developing Players
Karanusic R.,39.0,27.0,0.0,10.0,92.0,1.0,4.0,5.0,1,Developing Players
Karatsev A.,158.0,77.0,5.0,76.0,15.0,22.0,4.0,50.0,1,Developing Players
Karlovic I.,582.0,148.0,18.0,313.0,14.0,56.0,58.0,199.0,1,Developing Players
Karlovic I. ,1.0,1.0,0.0,0.0,38.0,0.0,0.0,0.0,1,Developing Players
Karlovskiy E.,1.0,1.0,0.0,0.0,218.0,0.0,0.0,0.0,1,Developing Players
Kasnikowski M.,1.0,1.0,0.0,0.0,194.0,0.0,0.0,0.0,1,Developing Players
Kavcic B.,112.0,62.0,0.0,35.0,71.0,16.0,2.0,17.0,1,Developing Players
Kecmanovic M.,267.0,113.0,4.0,131.0,28.0,39.0,15.0,77.0,1,Developing Players
Kendrick R.,85.0,48.0,0.0,25.0,74.0,1.0,4.0,20.0,1,Developing Players
Kern R.,3.0,1.0,0.0,0.0,392.0,0.0,0.0,0.0,1,Developing Players
Khachanov K.,444.0,101.0,9.0,255.0,8.0,66.0,22.0,167.0,1,Developing Players
Khaddari H.,1.0,1.0,0.0,0.0,513.0,0.0,0.0,0.0,1,Developing Players
Khalfan S.,1.0,1.0,0.0,0.0,1116.0,0.0,0.0,0.0,1,Developing Players
Kicker N.,45.0,31.0,0.0,18.0,86.0,14.0,0.0,4.0,1,Developing Players
Kiefer N.,131.0,57.0,3.0,80.0,11.0,18.0,8.0,54.0,1,Developing Players
Kim K,1.0,1.0,0.0,0.0,181.0,0.0,0.0,0.0,1,Developing Players
Kim K.,83.0,49.0,0.0,21.0,70.0,1.0,1.0,19.0,1,Developing Players
Kimmich M.,1.0,1.0,0.0,0.0,313.0,0.0,0.0,0.0,1,Developing Players
Kindlmann D.,10.0,8.0,0.0,1.0,162.0,1.0,0.0,0.0,1,Developing Players
King D.,12.0,8.0,0.0,3.0,168.0,0.0,0.0,3.0,1,Developing Players
King E.,4.0,4.0,0.0,1.0,347.0,0.0,0.0,1.0,1,Developing Players
King K.,7.0,6.0,0.0,1.0,304.0,0.0,0.0,1.0,1,Developing Players
King P.,4.0,4.0,0.0,1.0,360.0,0.0,0.0,1.0,1,Developing Players
King-Turner D.,5.0,2.0,0.0,0.0,263.0,0.0,0.0,0.0,1,Developing Players
Kirchheimer S.,2.0,1.0,0.0,0.0,416.0,0.0,0.0,0.0,1,Developing Players
Kirillov E.,2.0,2.0,0.0,0.0,378.0,0.0,0.0,0.0,1,Developing Players
Kirkin E.,2.0,1.0,0.0,0.0,446.0,0.0,0.0,0.0,1,Developing Players
Klaasen R.,8.0,4.0,0.0,4.0,307.0,0.0,2.0,2.0,1,Developing Players
Klahn B.,56.0,39.0,0.0,13.0,63.0,0.0,2.0,11.0,1,Developing Players
Klec I.,6.0,5.0,0.0,1.0,224.0,0.0,0.0,1.0,1,Developing Players
Klein B.,13.0,10.0,0.0,3.0,177.0,0.0,1.0,2.0,1,Developing Players
Klein L.,24.0,16.0,0.0,10.0,118.0,3.0,1.0,6.0,1,Developing Players
Klizan M.,252.0,102.0,7.0,121.0,28.0,63.0,4.0,54.0,1,Developing Players
Kloer S.,1.0,1.0,0.0,0.0,495.0,0.0,0.0,0.0,1,Developing Players
Knittel B.,5.0,4.0,0.0,1.0,187.0,1.0,0.0,0.0,1,Developing Players
Koellerer D.,45.0,28.0,0.0,17.0,36.0,10.0,0.0,7.0,1,Developing Players
Koellerer D. ,1.0,1.0,0.0,0.0,74.0,0.0,0.0,0.0,1,Developing Players
Koepfer D.,120.0,54.0,0.0,52.0,49.0,17.0,4.0,31.0,1,Developing Players
Kohlmann M.,1.0,1.0,0.0,0.0,1494.0,0.0,0.0,0.0,1,Developing Players
Kohlschreiber P.,727.0,128.0,17.0,410.0,18.0,152.0,53.0,205.0,-1,Outlier
Kohlschreiber P. ,1.0,1.0,0.0,0.0,26.0,0.0,0.0,0.0,1,Developing Players
Kohlschreiber P..,1.0,1.0,0.0,1.0,24.0,0.0,0.0,1.0,1,Developing Players
Kokkinakis T.,147.0,62.0,2.0,67.0,65.0,8.0,5.0,54.0,1,Developing Players
Kolar Z.,4.0,4.0,0.0,1.0,134.0,1.0,0.0,0.0,1,Developing Players
Kondo H.,1.0,1.0,0.0,0.0,589.0,0.0,0.0,0.0,1,Developing Players
Koning M.,1.0,1.0,0.0,0.0,793.0,0.0,0.0,0.0,1,Developing Players
Kontinen H.,3.0,2.0,0.0,1.0,253.0,0.0,1.0,0.0,1,Developing Players
Kopriva V.,16.0,11.0,0.0,5.0,112.0,4.0,0.0,1.0,1,Developing Players
Korda S.,191.0,73.0,8.0,116.0,18.0,23.0,16.0,77.0,1,Developing Players
Korolev E.,146.0,77.0,1.0,61.0,50.0,20.0,2.0,39.0,1,Developing Players
Korolev E. ,3.0,2.0,0.0,2.0,58.0,0.0,0.0,2.0,1,Developing Players
Korteling S.,1.0,1.0,0.0,0.0,463.0,0.0,0.0,0.0,1,Developing Players
Kosakowski D.,3.0,3.0,0.0,1.0,482.0,0.0,0.0,1.0,1,Developing Players
Kotov P.,78.0,42.0,1.0,35.0,53.0,17.0,2.0,16.0,1,Developing Players
Koubek S.,114.0,57.0,2.0,51.0,47.0,11.0,1.0,39.0,1,Developing Players
Kovacevic A.,48.0,31.0,0.0,16.0,76.0,1.0,2.0,13.0,1,Developing Players
Kovalik J.,72.0,45.0,0.0,26.0,102.0,17.0,0.0,9.0,1,Developing Players
Kozlov S.,34.0,22.0,0.0,9.0,104.0,0.0,5.0,4.0,1,Developing Players
Krajan Z.,1.0,1.0,0.0,0.0,681.0,0.0,0.0,0.0,1,Developing Players
Krajicek A.,35.0,25.0,0.0,11.0,103.0,0.0,1.0,10.0,1,Developing Players
Krajinovic F.,230.0,84.0,5.0,110.0,26.0,33.0,5.0,72.0,1,Developing Players
Kratochvil M.,1.0,1.0,0.0,0.0,1511.0,0.0,0.0,0.0,1,Developing Players
Kravchuk K.,32.0,25.0,0.0,7.0,79.0,2.0,1.0,4.0,1,Developing Players
Krawietz K.,4.0,4.0,0.0,1.0,277.0,0.0,1.0,0.0,1,Developing Players
Krstin P.,5.0,4.0,0.0,1.0,195.0,1.0,0.0,0.0,1,Developing Players
Krueger M.,30.0,15.0,0.0,8.0,140.0,0.0,1.0,7.0,1,Developing Players
Krutykh O.,3.0,3.0,0.0,0.0,188.0,0.0,0.0,0.0,1,Developing Players
Kubler J.,52.0,29.0,0.0,22.0,66.0,7.0,7.0,8.0,1,Developing Players
Kubot L.,194.0,91.0,2.0,77.0,41.0,33.0,12.0,32.0,1,Developing Players
Kucera K.,4.0,3.0,0.0,2.0,141.0,0.0,1.0,1.0,1,Developing Players
Kudla D.,201.0,77.0,0.0,70.0,56.0,6.0,26.0,38.0,1,Developing Players
Kudryavtsev A.,19.0,14.0,0.0,5.0,60.0,0.0,0.0,5.0,1,Developing Players
Kuerten G.,16.0,12.0,0.0,2.0,287.0,1.0,0.0,1.0,1,Developing Players
Kuhn N.,10.0,9.0,0.0,2.0,211.0,1.0,0.0,1.0,1,Developing Players
Kukushkin M.,336.0,122.0,4.0,137.0,40.0,25.0,14.0,98.0,1,Developing Players
Kumantsov A.,1.0,1.0,0.0,0.0,365.0,0.0,0.0,0.0,1,Developing Players
Kumar O.,5.0,2.0,0.0,2.0,385.0,0.0,0.0,2.0,1,Developing Players
Kunitsyn I.,216.0,94.0,1.0,77.0,36.0,8.0,10.0,59.0,1,Developing Players
Kunitsyn I. ,1.0,1.0,0.0,0.0,81.0,0.0,0.0,0.0,1,Developing Players
Kutac R.,1.0,1.0,0.0,0.0,638.0,0.0,0.0,0.0,1,Developing Players
Kutrovsky D.,3.0,2.0,0.0,2.0,438.0,0.0,0.0,2.0,1,Developing Players
Kuzmanov D.,11.0,6.0,0.0,2.0,189.0,1.0,0.0,1.0,1,Developing Players
Kuznetsov A.,23.0,17.0,0.0,5.0,162.0,1.0,1.0,3.0,1,Developing Players
Kuznetsov Al.,21.0,14.0,0.0,5.0,127.0,1.0,1.0,3.0,1,Developing Players
Kuznetsov An.,154.0,75.0,0.0,63.0,40.0,27.0,6.0,30.0,1,Developing Players
Kwiatkowski T.S.,7.0,6.0,0.0,0.0,206.0,0.0,0.0,0.0,1,Developing Players
Kwon S.W.,116.0,57.0,2.0,55.0,53.0,7.0,3.0,45.0,1,Developing Players
Kym J.,1.0,1.0,0.0,0.0,140.0,0.0,0.0,0.0,1,Developing Players
Kypson P.,9.0,7.0,0.0,3.0,17.0,0.0,0.0,3.0,1,Developing Players
Kyrgios N.,279.0,72.0,11.0,186.0,13.0,25.0,32.0,129.0,1,Developing Players
Laaksonen H.,96.0,48.0,0.0,34.0,84.0,18.0,0.0,16.0,1,Developing Players
Labadze I.,6.0,5.0,0.0,3.0,150.0,1.0,2.0,0.0,1,Developing Players
Lacko L.,210.0,85.0,2.0,79.0,44.0,2.0,19.0,58.0,1,Developing Players
Lajal M.,3.0,3.0,0.0,1.0,229.0,0.0,0.0,1.0,1,Developing Players
Lajola D.,1.0,1.0,0.0,0.0,719.0,0.0,0.0,0.0,1,Developing Players
Lajovic D.,405.0,130.0,3.0,177.0,23.0,105.0,5.0,67.0,1,Developing Players
Lalami Laaroussi Y.,1.0,1.0,0.0,0.0,937.0,0.0,0.0,0.0,1,Developing Players
Lama G.,4.0,4.0,0.0,0.0,289.0,0.0,0.0,0.0,1,Developing Players
Lamasine T.,9.0,9.0,0.0,3.0,182.0,2.0,0.0,1.0,1,Developing Players
Lammer M.,17.0,11.0,0.0,4.0,209.0,1.0,0.0,3.0,1,Developing Players
Lammer M. ,2.0,2.0,0.0,1.0,167.0,0.0,0.0,1.0,1,Developing Players
Landaluce M.,6.0,6.0,0.0,1.0,322.0,0.0,0.0,1.0,1,Developing Players
Langer N.,3.0,2.0,0.0,1.0,340.0,1.0,0.0,0.0,1,Developing Players
Lapentti G.,16.0,12.0,0.0,4.0,114.0,1.0,0.0,3.0,1,Developing Players
Lapentti N.,113.0,67.0,1.0,46.0,58.0,31.0,1.0,14.0,1,Developing Players
Lazarov A.,5.0,3.0,0.0,1.0,334.0,0.0,0.0,1.0,1,Developing Players
Lazov A.,1.0,1.0,0.0,0.0,438.0,0.0,0.0,0.0,1,Developing Players
Ledovskikh M.,14.0,13.0,0.0,2.0,276.0,0.0,1.0,1.0,1,Developing Players
Lee D.H.,2.0,2.0,0.0,1.0,212.0,0.0,0.0,1.0,1,Developing Players
Lee H.T.,104.0,56.0,0.0,47.0,36.0,6.0,7.0,34.0,1,Developing Players
Lee M.,3.0,3.0,0.0,1.0,252.0,0.0,1.0,0.0,1,Developing Players
Lehecka J.,115.0,63.0,3.0,63.0,23.0,13.0,5.0,45.0,1,Developing Players
Lejnieks K.,2.0,2.0,0.0,1.0,664.0,0.0,0.0,1.0,1,Developing Players
Lemke J.,1.0,1.0,0.0,0.0,456.0,0.0,0.0,0.0,1,Developing Players
Lenz J.,2.0,2.0,0.0,0.0,270.0,0.0,0.0,0.0,1,Developing Players
Leshem E.,3.0,2.0,0.0,1.0,278.0,0.0,0.0,1.0,1,Developing Players
Lestienne C.,52.0,34.0,0.0,16.0,48.0,0.0,1.0,15.0,1,Developing Players
Levine I.,1.0,1.0,0.0,0.0,426.0,0.0,0.0,0.0,1,Developing Players
Levine J.,91.0,47.0,0.0,28.0,76.0,1.0,9.0,18.0,1,Developing Players
Levy H.,10.0,9.0,0.0,1.0,160.0,0.0,0.0,1.0,1,Developing Players
Li Z.,10.0,7.0,0.0,0.0,234.0,0.0,0.0,0.0,1,Developing Players
Li Zh.,1.0,1.0,0.0,0.0,602.0,0.0,0.0,0.0,1,Developing Players
Lindahl N.,9.0,8.0,0.0,1.0,243.0,0.0,0.0,1.0,1,Developing Players
Lindell C.,10.0,4.0,0.0,2.0,177.0,2.0,0.0,0.0,1,Developing Players
Linzer M.,2.0,2.0,0.0,0.0,354.0,0.0,0.0,0.0,1,Developing Players
Lipsky S.,1.0,1.0,0.0,0.0,1004.0,0.0,0.0,0.0,1,Developing Players
Lisnard J.,2.0,2.0,0.0,0.0,134.0,0.0,0.0,0.0,1,Developing Players
Lisnard J.R.,21.0,12.0,0.0,6.0,109.0,2.0,0.0,4.0,1,Developing Players
Ljubicic I.,352.0,87.0,18.0,223.0,3.0,49.0,18.0,156.0,1,Developing Players
Ljubicic I. ,1.0,1.0,0.0,0.0,25.0,0.0,0.0,0.0,1,Developing Players
Llamas Ruiz P.,8.0,5.0,0.0,4.0,152.0,3.0,0.0,1.0,1,Developing Players
Llodra M.,249.0,82.0,7.0,124.0,21.0,15.0,23.0,86.0,1,Developing Players
Lock B.,1.0,1.0,0.0,0.0,346.0,0.0,0.0,0.0,1,Developing Players
Loffhagen G.,2.0,2.0,0.0,0.0,371.0,0.0,0.0,0.0,1,Developing Players
Lojda D.,1.0,1.0,0.0,0.0,169.0,0.0,0.0,0.0,1,Developing Players
Lokoli L.,8.0,8.0,0.0,0.0,173.0,0.0,0.0,0.0,1,Developing Players
Londero J.I.,82.0,42.0,2.0,34.0,50.0,29.0,1.0,4.0,1,Developing Players
Lopez F.,738.0,167.0,15.0,369.0,12.0,90.0,69.0,210.0,-1,Outlier
Lopez F. ,2.0,1.0,0.0,1.0,46.0,0.0,0.0,1.0,1,Developing Players
Lopez M.,6.0,6.0,0.0,0.0,172.0,0.0,0.0,0.0,1,Developing Players
Lopez San Martin A.,1.0,1.0,0.0,0.0,550.0,0.0,0.0,0.0,1,Developing Players
Lopez Villasenor G.,4.0,2.0,0.0,0.0,518.0,0.0,0.0,0.0,1,Developing Players
Lopez-Jaen M.A.,3.0,3.0,0.0,1.0,264.0,1.0,0.0,0.0,1,Developing Players
Lopez-Perez E.,1.0,1.0,0.0,0.0,196.0,0.0,0.0,0.0,1,Developing Players
Lorenzi P.,278.0,120.0,4.0,101.0,33.0,56.0,5.0,40.0,1,Developing Players
Lu Y.,9.0,9.0,0.0,1.0,139.0,0.0,0.0,1.0,1,Developing Players
Lu Y.H.,309.0,98.0,1.0,131.0,33.0,4.0,22.0,105.0,1,Developing Players
Luczak P.,82.0,49.0,0.0,24.0,70.0,9.0,3.0,12.0,1,Developing Players
Luczak P. ,1.0,1.0,0.0,0.0,80.0,0.0,0.0,0.0,1,Developing Players
Luncanu P.A.,2.0,2.0,0.0,0.0,322.0,0.0,0.0,0.0,1,Developing Players
Luque D.,1.0,1.0,0.0,0.0,596.0,0.0,0.0,0.0,1,Developing Players
Luz O.,1.0,1.0,0.0,0.0,544.0,0.0,0.0,0.0,1,Developing Players
Luzzi F.,8.0,7.0,0.0,1.0,111.0,0.0,0.0,1.0,1,Developing Players
Maamoun K.,1.0,1.0,0.0,0.0,291.0,0.0,0.0,0.0,1,Developing Players
Machac T.,71.0,39.0,1.0,39.0,25.0,10.0,1.0,28.0,1,Developing Players
Machado R.,48.0,27.0,0.0,12.0,68.0,11.0,0.0,1.0,1,Developing Players
Mackin A.,5.0,5.0,0.0,0.0,233.0,0.0,0.0,0.0,1,Developing Players
Madaras D.,2.0,2.0,0.0,0.0,191.0,0.0,0.0,0.0,1,Developing Players
Maden Y.,26.0,15.0,0.0,9.0,109.0,4.0,0.0,5.0,1,Developing Players
Maestrelli F.,1.0,1.0,0.0,0.0,186.0,0.0,0.0,0.0,1,Developing Players
Mager G.,58.0,42.0,1.0,24.0,62.0,13.0,1.0,10.0,1,Developing Players
Mahut N.,359.0,99.0,6.0,168.0,37.0,16.0,64.0,88.0,1,Developing Players
Majchrzak K.,47.0,28.0,0.0,18.0,75.0,4.0,1.0,13.0,1,Developing Players
Malisse X.,264.0,94.0,5.0,136.0,31.0,11.0,30.0,95.0,1,Developing Players
Mamiit C.,3.0,2.0,0.0,1.0,236.0,0.0,0.0,1.0,1,Developing Players
Mannarino A.,615.0,149.0,15.0,283.0,19.0,21.0,66.0,196.0,1,Developing Players
Mansouri S.,1.0,1.0,0.0,0.0,296.0,0.0,0.0,0.0,1,Developing Players
Mantilla F.,8.0,7.0,0.0,2.0,88.0,2.0,0.0,0.0,1,Developing Players
Marach O.,40.0,26.0,0.0,14.0,88.0,11.0,0.0,3.0,1,Developing Players
Marcaccio G.,4.0,3.0,0.0,2.0,406.0,2.0,0.0,0.0,1,Developing Players
Marcan D.,2.0,2.0,0.0,0.0,354.0,0.0,0.0,0.0,1,Developing Players
Marchenko I.,125.0,68.0,0.0,44.0,50.0,3.0,5.0,36.0,1,Developing Players
Marcora R.,7.0,4.0,0.0,3.0,837.0,0.0,0.0,3.0,1,Developing Players
Marin J.A.,18.0,17.0,0.0,5.0,97.0,5.0,0.0,0.0,1,Developing Players
Marozsan F.,65.0,40.0,0.0,32.0,37.0,8.0,1.0,23.0,1,Developing Players
Marrai M.,1.0,1.0,0.0,0.0,414.0,0.0,0.0,0.0,1,Developing Players
Marray J.,2.0,2.0,0.0,0.0,263.0,0.0,0.0,0.0,1,Developing Players
Marrero D.,9.0,7.0,0.0,3.0,203.0,3.0,0.0,0.0,1,Developing Players
Marterer M.,112.0,58.0,0.0,36.0,45.0,16.0,4.0,16.0,1,Developing Players
Marti J.,13.0,10.0,0.0,2.0,170.0,1.0,1.0,0.0,1,Developing Players
Marti Y.,7.0,5.0,0.0,2.0,232.0,2.0,0.0,0.0,1,Developing Players
Martin A.,167.0,89.0,2.0,63.0,48.0,53.0,2.0,8.0,1,Developing Players
Martin A. ,1.0,1.0,0.0,0.0,119.0,0.0,0.0,0.0,1,Developing Players
Martin F.,1.0,1.0,0.0,0.0,350.0,0.0,0.0,0.0,1,Developing Players
Martineau M.,2.0,2.0,0.0,0.0,179.0,0.0,0.0,0.0,1,Developing Players
Martinez P.,152.0,78.0,3.0,65.0,39.0,42.0,2.0,21.0,1,Developing Players
Massa E.,11.0,8.0,0.0,5.0,240.0,3.0,0.0,2.0,1,Developing Players
Massu N.,166.0,78.0,5.0,74.0,30.0,54.0,0.0,20.0,1,Developing Players
Masur D.,6.0,5.0,0.0,1.0,209.0,1.0,0.0,0.0,1,Developing Players
Mathieu P.,1.0,1.0,0.0,0.0,44.0,0.0,0.0,0.0,1,Developing Players
Mathieu P.H.,404.0,127.0,7.0,197.0,14.0,74.0,18.0,105.0,1,Developing Players
Mathieu P.H. ,1.0,1.0,0.0,0.0,32.0,0.0,0.0,0.0,1,Developing Players
Matosevic M.,147.0,69.0,1.0,58.0,48.0,7.0,7.0,44.0,1,Developing Players
Matsui T.,3.0,3.0,0.0,1.0,443.0,0.0,0.0,1.0,1,Developing Players
Matsukevitch D.,4.0,4.0,0.0,1.0,385.0,0.0,0.0,1.0,1,Developing Players
Mayer F.,393.0,116.0,7.0,188.0,18.0,67.0,30.0,91.0,1,Developing Players
Mayer L.,346.0,136.0,5.0,162.0,18.0,87.0,16.0,59.0,1,Developing Players
Mayer L. ,2.0,2.0,0.0,1.0,64.0,0.0,0.0,1.0,1,Developing Players
Mayot H.,19.0,15.0,0.0,7.0,116.0,1.0,1.0,5.0,1,Developing Players
Mazarakis V.,2.0,2.0,0.0,0.0,126.0,0.0,0.0,0.0,1,Developing Players
McClune M.,1.0,1.0,0.0,0.0,614.0,0.0,0.0,0.0,1,Developing Players
Mccabe J.,4.0,4.0,0.0,0.0,342.0,0.0,0.0,0.0,1,Developing Players
Mcclune M.,2.0,2.0,0.0,1.0,416.0,0.0,0.0,1.0,1,Developing Players
Mcdonald M.,220.0,101.0,1.0,98.0,37.0,8.0,17.0,73.0,1,Developing Players
Mcgee J.,3.0,3.0,0.0,0.0,194.0,0.0,0.0,0.0,1,Developing Players
Mecir M.,4.0,3.0,0.0,1.0,187.0,0.0,0.0,1.0,1,Developing Players
Medjedovic H.,32.0,19.0,1.0,14.0,107.0,7.0,1.0,6.0,1,Developing Players
Medvedev D.,481.0,100.0,37.0,342.0,1.0,36.0,44.0,262.0,3,Top Players
Medvedev D. ,3.0,2.0,0.0,0.0,4.0,0.0,0.0,0.0,1,Developing Players
Meffert D.,12.0,9.0,0.0,4.0,162.0,1.0,1.0,2.0,1,Developing Players
Meister N.,1.0,1.0,0.0,0.0,625.0,0.0,0.0,0.0,1,Developing Players
Mejia N.,2.0,2.0,0.0,0.0,236.0,0.0,0.0,0.0,1,Developing Players
Mektic N.,8.0,6.0,0.0,1.0,312.0,1.0,0.0,0.0,1,Developing Players
Meligeni Alves F.,9.0,8.0,0.0,3.0,144.0,1.0,0.0,2.0,1,Developing Players
Meligeni Rodrigues F,2.0,2.0,0.0,0.0,224.0,0.0,0.0,0.0,1,Developing Players
Mello R.,82.0,45.0,0.0,26.0,50.0,12.0,1.0,13.0,1,Developing Players
Melzer G.,44.0,24.0,0.0,15.0,68.0,14.0,0.0,1.0,1,Developing Players
Melzer J.,470.0,132.0,10.0,241.0,8.0,87.0,27.0,127.0,1,Developing Players
Mena F.,1.0,1.0,0.0,0.0,151.0,0.0,0.0,0.0,1,Developing Players
Menendez-Maceiras A.,24.0,16.0,0.0,6.0,114.0,2.0,1.0,3.0,1,Developing Players
Menezes J.,1.0,1.0,0.0,0.0,199.0,0.0,0.0,0.0,1,Developing Players
Mensik J.,38.0,21.0,1.0,24.0,51.0,5.0,2.0,17.0,1,Developing Players
Mergea F.,2.0,2.0,0.0,1.0,277.0,0.0,1.0,0.0,1,Developing Players
Mertens Y.,3.0,3.0,0.0,1.0,208.0,0.0,0.0,1.0,1,Developing Players
Mertinak M.,6.0,5.0,0.0,2.0,135.0,0.0,2.0,0.0,1,Developing Players
Mertl J.,2.0,2.0,0.0,1.0,306.0,1.0,0.0,0.0,1,Developing Players
Mesaros K.,1.0,1.0,0.0,0.0,295.0,0.0,0.0,0.0,1,Developing Players
Michelsen A.,71.0,45.0,3.0,37.0,43.0,3.0,9.0,25.0,1,Developing Players
Michon A.,2.0,2.0,0.0,1.0,206.0,1.0,0.0,0.0,1,Developing Players
Middelkoop M.,1.0,1.0,0.0,0.0,210.0,0.0,0.0,0.0,1,Developing Players
Miedler L.,3.0,3.0,0.0,0.0,522.0,0.0,0.0,0.0,1,Developing Players
Mikrut L.,1.0,1.0,0.0,0.0,350.0,0.0,0.0,0.0,1,Developing Players
Millman J.,249.0,110.0,3.0,110.0,36.0,17.0,13.0,80.0,1,Developing Players
Millot V.,29.0,20.0,0.0,8.0,147.0,0.0,0.0,8.0,1,Developing Players
Milojevic N.,14.0,8.0,0.0,6.0,129.0,4.0,0.0,2.0,1,Developing Players
Mina G.,4.0,3.0,0.0,0.0,269.0,0.0,0.0,0.0,1,Developing Players
Minar I.,78.0,54.0,0.0,23.0,63.0,11.0,2.0,10.0,1,Developing Players
Minar J.,2.0,2.0,0.0,0.0,197.0,0.0,0.0,0.0,1,Developing Players
Mirnyi M.,92.0,51.0,0.0,36.0,25.0,8.0,8.0,20.0,1,Developing Players
Misolic F.,17.0,11.0,1.0,8.0,139.0,7.0,0.0,1.0,1,Developing Players
Mitchell B.,5.0,3.0,0.0,0.0,326.0,0.0,0.0,0.0,1,Developing Players
Mmoh M.,65.0,36.0,0.0,28.0,86.0,3.0,1.0,24.0,1,Developing Players
Mo Y.,1.0,1.0,0.0,0.0,668.0,0.0,0.0,0.0,1,Developing Players
Mochizuki S.,19.0,15.0,0.0,3.0,146.0,0.0,0.0,3.0,1,Developing Players
Molcan A.,85.0,49.0,3.0,44.0,38.0,27.0,3.0,14.0,1,Developing Players
Molleker R.,18.0,12.0,0.0,5.0,152.0,4.0,1.0,0.0,1,Developing Players
Molteni A.,2.0,2.0,0.0,0.0,280.0,0.0,0.0,0.0,1,Developing Players
Monaco J.,490.0,126.0,18.0,278.0,10.0,185.0,6.0,87.0,-1,Outlier
Monaco J. ,2.0,1.0,0.0,1.0,30.0,0.0,0.0,1.0,1,Developing Players
Monfils G.,809.0,170.0,32.0,523.0,6.0,127.0,44.0,352.0,2,Top Players
Monfils G. ,2.0,2.0,0.0,1.0,16.0,0.0,0.0,1.0,1,Developing Players
Montanes A.,385.0,115.0,7.0,186.0,22.0,153.0,5.0,28.0,1,Developing Players
Montanes A. ,2.0,2.0,0.0,1.0,34.0,0.0,0.0,1.0,1,Developing Players
Montcourt M.,14.0,10.0,0.0,4.0,114.0,4.0,0.0,0.0,1,Developing Players
Monteiro J.,1.0,1.0,0.0,0.0,502.0,0.0,0.0,0.0,1,Developing Players
Monteiro T.,187.0,79.0,0.0,76.0,61.0,55.0,2.0,19.0,1,Developing Players
Moodie W.,60.0,35.0,1.0,29.0,57.0,0.0,6.0,23.0,1,Developing Players
Moraing M.,3.0,3.0,0.0,1.0,253.0,1.0,0.0,0.0,1,Developing Players
Moraru G.,1.0,1.0,0.0,0.0,418.0,0.0,0.0,0.0,1,Developing Players
Moreno De Alboran N.,17.0,12.0,0.0,6.0,130.0,5.0,0.0,1.0,1,Developing Players
Moriya H.,14.0,10.0,0.0,3.0,146.0,0.0,0.0,3.0,1,Developing Players
Moro Canas A.,3.0,2.0,0.0,1.0,240.0,1.0,0.0,0.0,1,Developing Players
Moroni G.,2.0,1.0,0.0,1.0,265.0,1.0,0.0,0.0,1,Developing Players
Moroni G.M.,2.0,2.0,0.0,0.0,181.0,0.0,0.0,0.0,1,Developing Players
Morrison J.,9.0,6.0,0.0,3.0,139.0,0.0,0.0,3.0,1,Developing Players
Motomura G.,4.0,4.0,0.0,0.0,273.0,0.0,0.0,0.0,1,Developing Players
Mott B.,2.0,2.0,0.0,0.0,481.0,0.0,0.0,0.0,1,Developing Players
Moundir A.,1.0,1.0,0.0,0.0,720.0,0.0,0.0,0.0,1,Developing Players
Moutet C.,145.0,74.0,1.0,60.0,61.0,25.0,5.0,30.0,1,Developing Players
Moya C.,199.0,68.0,8.0,115.0,12.0,63.0,0.0,52.0,1,Developing Players
Mpetshi G.,33.0,23.0,2.0,18.0,31.0,4.0,4.0,10.0,1,Developing Players
Mu T.,1.0,1.0,0.0,0.0,573.0,0.0,0.0,0.0,1,Developing Players
Mukund S.,3.0,3.0,0.0,0.0,340.0,0.0,0.0,0.0,1,Developing Players
Muller A.,66.0,39.0,1.0,27.0,68.0,12.0,2.0,13.0,1,Developing Players
Muller G.,349.0,117.0,7.0,175.0,21.0,15.0,39.0,121.0,1,Developing Players
Munar J.,210.0,77.0,1.0,85.0,53.0,59.0,3.0,23.0,1,Developing Players
Munoz De La Nava D.,8.0,8.0,0.0,1.0,75.0,1.0,0.0,0.0,1,Developing Players
Munoz de La Nava D.,1.0,1.0,0.0,0.0,182.0,0.0,0.0,0.0,1,Developing Players
Munoz de la Nava D.,1.0,1.0,0.0,0.0,200.0,0.0,0.0,0.0,1,Developing Players
Munoz-De La Nava D.,27.0,18.0,0.0,8.0,71.0,5.0,0.0,3.0,1,Developing Players
Murray A.,917.0,138.0,67.0,666.0,1.0,97.0,101.0,468.0,-1,Outlier
Murray A. ,5.0,2.0,1.0,5.0,4.0,0.0,0.0,5.0,1,Developing Players
Musetti L.,211.0,79.0,5.0,117.0,16.0,50.0,17.0,50.0,1,Developing Players
Muster T.,3.0,3.0,0.0,0.0,974.0,0.0,0.0,0.0,1,Developing Players
Myneni S.,2.0,2.0,0.0,0.0,143.0,0.0,0.0,0.0,1,Developing Players
Nadal R.,1096.0,100.0,119.0,923.0,1.0,397.0,72.0,454.0,-1,Outlier
Nadal R. ,3.0,1.0,0.0,2.0,1.0,0.0,0.0,2.0,1,Developing Players
Nagal S.,37.0,30.0,0.0,8.0,68.0,6.0,0.0,2.0,1,Developing Players
Nakashima B.,162.0,74.0,3.0,84.0,35.0,11.0,12.0,61.0,1,Developing Players
Nalbandian D.,308.0,83.0,13.0,209.0,3.0,62.0,16.0,131.0,1,Developing Players
Nam H.W.,2.0,2.0,0.0,0.0,467.0,0.0,0.0,0.0,1,Developing Players
Nam J.S.,3.0,3.0,0.0,0.0,268.0,0.0,0.0,0.0,1,Developing Players
Napolitano S.,10.0,7.0,0.0,3.0,125.0,3.0,0.0,0.0,1,Developing Players
Nardi L.,27.0,21.0,0.0,6.0,73.0,2.0,1.0,3.0,1,Developing Players
Naso G.,13.0,11.0,0.0,2.0,238.0,2.0,0.0,0.0,1,Developing Players
Nava E.,19.0,12.0,0.0,3.0,144.0,0.0,0.0,3.0,1,Developing Players
Navarro-Pastor I.,86.0,58.0,0.0,26.0,68.0,16.0,6.0,4.0,1,Developing Players
Navone M.,40.0,27.0,2.0,17.0,31.0,14.0,0.0,3.0,1,Developing Players
Nedelko I.,1.0,1.0,0.0,0.0,392.0,0.0,0.0,0.0,1,Developing Players
Nedovyesov A.,19.0,16.0,0.0,4.0,77.0,2.0,0.0,2.0,1,Developing Players
Nedovyesov O.,1.0,1.0,0.0,0.0,124.0,0.0,0.0,0.0,1,Developing Players
Nedunchezhiyan J.,1.0,1.0,0.0,0.0,314.0,0.0,0.0,0.0,1,Developing Players
Neff A.,1.0,1.0,0.0,0.0,829.0,0.0,0.0,0.0,1,Developing Players
Neumayer L.,3.0,2.0,0.0,1.0,289.0,1.0,0.0,0.0,1,Developing Players
Nielsen F.,9.0,8.0,0.0,0.0,213.0,0.0,0.0,0.0,1,Developing Players
Nielsen M.,1.0,1.0,0.0,0.0,309.0,0.0,0.0,0.0,1,Developing Players
Niemeyer F.,7.0,5.0,0.0,1.0,487.0,0.0,0.0,1.0,1,Developing Players
Nieminen J.,489.0,141.0,9.0,251.0,13.0,60.0,18.0,173.0,1,Developing Players
Nieminen J. ,2.0,2.0,0.0,1.0,122.0,0.0,0.0,1.0,1,Developing Players
Niki T.,1.0,1.0,0.0,0.0,340.0,0.0,0.0,0.0,1,Developing Players
Nikles J.,4.0,4.0,0.0,1.0,317.0,1.0,0.0,0.0,1,Developing Players
Niland C.,2.0,2.0,0.0,0.0,228.0,0.0,0.0,0.0,1,Developing Players
Nishikori K.,590.0,116.0,25.0,399.0,4.0,98.0,38.0,263.0,3,Top Players
Nishioka Y.,252.0,94.0,6.0,122.0,31.0,17.0,4.0,101.0,1,Developing Players
Noguchi R.,2.0,1.0,0.0,1.0,291.0,0.0,0.0,1.0,1,Developing Players
Norman D.,22.0,17.0,0.0,6.0,90.0,1.0,3.0,2.0,1,Developing Players
Norrie C.,328.0,95.0,15.0,189.0,8.0,55.0,22.0,112.0,1,Developing Players
Novak D.,58.0,31.0,0.0,15.0,94.0,5.0,3.0,7.0,1,Developing Players
Novak J.,40.0,25.0,0.0,18.0,23.0,9.0,1.0,8.0,1,Developing Players
Novikov D.,16.0,13.0,0.0,5.0,131.0,0.0,3.0,2.0,1,Developing Players
O Connell C.,110.0,57.0,0.0,45.0,53.0,8.0,4.0,33.0,1,Developing Players
O'Connell C.,3.0,3.0,0.0,0.0,115.0,0.0,0.0,0.0,1,Developing Players
O'Neal J.,1.0,1.0,0.0,0.0,748.0,0.0,0.0,0.0,1,Developing Players
Odesnik W.,89.0,49.0,1.0,39.0,84.0,18.0,0.0,21.0,1,Developing Players
Ofner S.,84.0,49.0,1.0,37.0,37.0,16.0,7.0,14.0,1,Developing Players
Ojeda Lara R.,6.0,5.0,0.0,3.0,198.0,1.0,0.0,2.0,1,Developing Players
Okun N.,12.0,9.0,0.0,3.0,144.0,0.0,0.0,3.0,1,Developing Players
Olaso G.,6.0,4.0,0.0,2.0,182.0,2.0,0.0,0.0,1,Developing Players
Olejniczak D.,3.0,3.0,0.0,0.0,195.0,0.0,0.0,0.0,1,Developing Players
Oliel Y.,2.0,2.0,0.0,0.0,383.0,0.0,0.0,0.0,1,Developing Players
Olivetti A.,14.0,10.0,0.0,5.0,161.0,0.0,0.0,5.0,1,Developing Players
Olivieri G.,3.0,2.0,0.0,2.0,231.0,2.0,0.0,0.0,1,Developing Players
Olivo R.,53.0,32.0,0.0,21.0,88.0,19.0,0.0,2.0,1,Developing Players
Opelka R.,176.0,73.0,6.0,91.0,17.0,14.0,6.0,71.0,1,Developing Players
Ortega-Olmedo R.,1.0,1.0,0.0,0.0,310.0,0.0,0.0,0.0,1,Developing Players
Oswald P.,4.0,3.0,0.0,1.0,398.0,1.0,0.0,0.0,1,Developing Players
Otte O.,76.0,42.0,0.0,31.0,36.0,9.0,8.0,14.0,1,Developing Players
Ouahab L.,15.0,5.0,0.0,5.0,140.0,5.0,0.0,0.0,1,Developing Players
Ouanna J.,25.0,16.0,0.0,8.0,110.0,4.0,0.0,4.0,1,Developing Players
Oudsema S.,5.0,4.0,0.0,1.0,359.0,0.0,0.0,1.0,1,Developing Players
Ouyang B.,1.0,1.0,0.0,0.0,1098.0,0.0,0.0,0.0,1,Developing Players
Pacheco Mendez R.,4.0,3.0,0.0,0.0,692.0,0.0,0.0,0.0,1,Developing Players
Paire B.,510.0,140.0,9.0,229.0,18.0,82.0,23.0,124.0,1,Developing Players
Panfil G.,1.0,1.0,0.0,0.0,911.0,0.0,0.0,0.0,1,Developing Players
Pannu K.,3.0,3.0,0.0,0.0,716.0,0.0,0.0,0.0,1,Developing Players
Papamalamis T.,1.0,1.0,0.0,0.0,721.0,0.0,0.0,0.0,1,Developing Players
Parada F.,1.0,1.0,0.0,0.0,385.0,0.0,0.0,0.0,1,Developing Players
Parmar A.,3.0,2.0,0.0,2.0,230.0,0.0,0.0,2.0,1,Developing Players
Pasha N.,1.0,1.0,0.0,0.0,1187.0,0.0,0.0,0.0,1,Developing Players
Pashanski B.,65.0,44.0,0.0,21.0,55.0,14.0,0.0,7.0,1,Developing Players
Passaro F.,15.0,11.0,0.0,5.0,110.0,4.0,0.0,1.0,1,Developing Players
Patience O.,42.0,27.0,0.0,12.0,103.0,11.0,1.0,0.0,1,Developing Players
Patino L.,1.0,1.0,0.0,0.0,809.0,0.0,0.0,0.0,1,Developing Players
Patriarca D.,1.0,1.0,0.0,0.0,284.0,0.0,0.0,0.0,1,Developing Players
Paul T.,279.0,91.0,7.0,161.0,12.0,20.0,24.0,117.0,1,Developing Players
Pavel A.,82.0,49.0,2.0,32.0,38.0,17.0,4.0,11.0,1,Developing Players
Pavic A.,13.0,10.0,0.0,3.0,145.0,0.0,2.0,1.0,1,Developing Players
Pavic M.,11.0,8.0,0.0,3.0,404.0,1.0,2.0,0.0,1,Developing Players
Pavlasek A.,14.0,10.0,0.0,5.0,96.0,4.0,1.0,0.0,1,Developing Players
Pecotic M.,2.0,2.0,0.0,1.0,784.0,0.0,0.0,1.0,1,Developing Players
Peliwo F.,5.0,4.0,0.0,1.0,355.0,1.0,0.0,0.0,1,Developing Players
Pella G.,252.0,87.0,5.0,114.0,20.0,64.0,11.0,39.0,1,Developing Players
Pellegrino A.,2.0,2.0,0.0,0.0,153.0,0.0,0.0,0.0,1,Developing Players
Peniston R.,13.0,7.0,0.0,6.0,140.0,0.0,6.0,0.0,1,Developing Players
Perez D.,1.0,1.0,0.0,0.0,578.0,0.0,0.0,0.0,1,Developing Players
Peric T.,1.0,1.0,0.0,0.0,1255.0,0.0,0.0,0.0,1,Developing Players
Pervolarakis M.,1.0,1.0,0.0,0.0,377.0,0.0,0.0,0.0,1,Developing Players
Petrovic D.,5.0,4.0,0.0,2.0,157.0,2.0,0.0,0.0,1,Developing Players
Petzschner P.,172.0,70.0,2.0,80.0,35.0,14.0,17.0,49.0,1,Developing Players
Petzschner P. ,1.0,1.0,0.0,0.0,76.0,0.0,0.0,0.0,1,Developing Players
Peya A.,39.0,25.0,0.0,10.0,99.0,3.0,2.0,5.0,1,Developing Players
Phau B.,160.0,75.0,0.0,59.0,59.0,16.0,1.0,42.0,1,Developing Players
Philippoussis M.,27.0,20.0,1.0,13.0,113.0,0.0,8.0,5.0,1,Developing Players
Piccari F.,1.0,1.0,0.0,0.0,234.0,0.0,0.0,0.0,1,Developing Players
Piros Z.,4.0,3.0,0.0,1.0,453.0,1.0,0.0,0.0,1,Developing Players
Pless K.,37.0,31.0,0.0,9.0,79.0,2.0,1.0,6.0,1,Developing Players
Podlipnik H.,2.0,2.0,0.0,0.0,734.0,0.0,0.0,0.0,1,Developing Players
Poerschke L.,2.0,2.0,0.0,0.0,332.0,0.0,0.0,0.0,1,Developing Players
Polansky P.,49.0,22.0,0.0,11.0,110.0,1.0,0.0,10.0,1,Developing Players
Poljicak M.,2.0,1.0,0.0,0.0,481.0,0.0,0.0,0.0,1,Developing Players
Polmans M.,23.0,16.0,0.0,6.0,116.0,2.0,1.0,3.0,1,Developing Players
Popko D.,2.0,1.0,0.0,0.0,172.0,0.0,0.0,0.0,1,Developing Players
Popp A.,10.0,8.0,0.0,2.0,253.0,0.0,0.0,2.0,1,Developing Players
Popp T.,2.0,2.0,0.0,0.0,222.0,0.0,0.0,0.0,1,Developing Players
Popyrin A.,189.0,87.0,3.0,81.0,23.0,18.0,6.0,57.0,1,Developing Players
Portas A.,31.0,20.0,0.0,12.0,100.0,12.0,0.0,0.0,1,Developing Players
Pospisil J.,8.0,8.0,0.0,1.0,133.0,0.0,0.0,1.0,1,Developing Players
Pospisil V.,266.0,91.0,3.0,112.0,27.0,4.0,17.0,91.0,1,Developing Players
Pouille L.,258.0,79.0,9.0,131.0,11.0,34.0,19.0,78.0,1,Developing Players
Prashanth V.,1.0,1.0,0.0,0.0,557.0,0.0,0.0,0.0,1,Developing Players
Prizmic D.,8.0,6.0,0.0,3.0,165.0,2.0,0.0,1.0,1,Developing Players
Prodon E.,14.0,13.0,0.0,0.0,88.0,0.0,0.0,0.0,1,Developing Players
Prpic A.,1.0,1.0,0.0,0.0,205.0,0.0,0.0,0.0,1,Developing Players
Prpic F.,9.0,6.0,0.0,2.0,230.0,0.0,0.0,2.0,1,Developing Players
Przysiezny M.,72.0,47.0,0.0,17.0,57.0,3.0,4.0,10.0,1,Developing Players
Pucinelli de Almeida M.,2.0,2.0,0.0,1.0,264.0,1.0,0.0,0.0,1,Developing Players
Puerta M.,28.0,19.0,0.0,14.0,9.0,5.0,0.0,9.0,1,Developing Players
Puetz T.,3.0,3.0,0.0,1.0,183.0,0.0,1.0,0.0,1,Developing Players
Purcell M.,78.0,49.0,1.0,30.0,41.0,4.0,8.0,18.0,1,Developing Players
Querrey S.,651.0,136.0,19.0,349.0,12.0,41.0,72.0,236.0,1,Developing Players
Querry S.,5.0,3.0,0.0,2.0,386.0,0.0,1.0,1.0,1,Developing Players
Quigley E.,1.0,1.0,0.0,0.0,463.0,0.0,0.0,0.0,1,Developing Players
Quinn E.,8.0,6.0,0.0,2.0,254.0,0.0,2.0,0.0,1,Developing Players
Quinzi G.,2.0,2.0,0.0,1.0,304.0,1.0,0.0,0.0,1,Developing Players
Quiroz R.,6.0,4.0,0.0,3.0,244.0,1.0,0.0,2.0,1,Developing Players
Qureshi A.,9.0,7.0,0.0,4.0,154.0,0.0,4.0,0.0,1,Developing Players
Qureshi A.U.H.,5.0,4.0,0.0,1.0,207.0,0.0,1.0,0.0,1,Developing Players
Rachidi Y.,1.0,1.0,0.0,0.0,923.0,0.0,0.0,0.0,1,Developing Players
Ram A.,3.0,2.0,0.0,1.0,233.0,0.0,0.0,1.0,1,Developing Players
Ram R.,135.0,60.0,3.0,52.0,63.0,5.0,18.0,29.0,1,Developing Players
Ramanathan R.,41.0,23.0,1.0,14.0,128.0,0.0,7.0,7.0,1,Developing Players
Ramirez C.,3.0,2.0,0.0,0.0,476.0,0.0,0.0,0.0,1,Developing Players
Ramirez-Hidalgo R.,146.0,69.0,0.0,51.0,43.0,44.0,0.0,7.0,1,Developing Players
Ramos A.,143.0,67.0,1.0,63.0,38.0,48.0,1.0,14.0,1,Developing Players
Ramos-Vinolas A.,446.0,127.0,11.0,201.0,19.0,140.0,4.0,57.0,1,Developing Players
Raonic M.,524.0,94.0,22.0,359.0,3.0,61.0,51.0,247.0,1,Developing Players
Rastogi K.,3.0,2.0,0.0,1.0,359.0,0.0,0.0,1.0,1,Developing Players
Recouderc L.,13.0,10.0,0.0,3.0,139.0,2.0,0.0,1.0,1,Developing Players
Rehberg M.,4.0,3.0,0.0,0.0,412.0,0.0,0.0,0.0,1,Developing Players
Rehnquist B.,9.0,6.0,0.0,2.0,306.0,2.0,0.0,0.0,1,Developing Players
Reid M.,1.0,1.0,0.0,0.0,216.0,0.0,0.0,0.0,1,Developing Players
Reinberg E.,1.0,1.0,0.0,0.0,1032.0,0.0,0.0,0.0,1,Developing Players
Reister J.,42.0,22.0,0.0,13.0,94.0,10.0,3.0,0.0,1,Developing Players
Reix C.,2.0,2.0,0.0,1.0,502.0,0.0,0.0,1.0,1,Developing Players
Renavand N.,2.0,2.0,0.0,1.0,364.0,0.0,0.0,1.0,1,Developing Players
Rettenmaier T.,1.0,1.0,0.0,0.0,297.0,0.0,0.0,0.0,1,Developing Players
Reyes-Varela M.A.,2.0,1.0,0.0,0.0,502.0,0.0,0.0,0.0,1,Developing Players
Reynolds B.,90.0,46.0,0.0,25.0,63.0,3.0,4.0,18.0,1,Developing Players
Riba P.,77.0,52.0,0.0,23.0,65.0,20.0,0.0,3.0,1,Developing Players
Riba-Madrid P.,2.0,2.0,0.0,0.0,78.0,0.0,0.0,0.0,1,Developing Players
Riedi L.,8.0,7.0,0.0,2.0,133.0,1.0,0.0,1.0,1,Developing Players
Rieschick S.,3.0,3.0,0.0,1.0,253.0,0.0,0.0,1.0,1,Developing Players
Riffice S.,1.0,1.0,0.0,0.0,542.0,0.0,0.0,0.0,1,Developing Players
Rincon D.,3.0,2.0,0.0,0.0,216.0,0.0,0.0,0.0,1,Developing Players
Rinderknech A.,140.0,72.0,1.0,66.0,48.0,19.0,7.0,40.0,1,Developing Players
Rios F.,1.0,1.0,0.0,0.0,1285.0,0.0,0.0,0.0,1,Developing Players
Ritschard A.,10.0,7.0,0.0,3.0,163.0,2.0,0.0,1.0,1,Developing Players
Robert S.,108.0,58.0,1.0,35.0,52.0,12.0,4.0,19.0,1,Developing Players
Robredo R.,3.0,2.0,0.0,1.0,6.0,0.0,0.0,1.0,1,Developing Players
Robredo T.,573.0,152.0,18.0,345.0,5.0,165.0,14.0,166.0,-1,Outlier
Robredo T. ,3.0,2.0,0.0,2.0,15.0,0.0,0.0,2.0,1,Developing Players
Roca Batalla O.,3.0,2.0,0.0,1.0,314.0,1.0,0.0,0.0,1,Developing Players
Rocha H.,4.0,3.0,0.0,1.0,182.0,1.0,0.0,0.0,1,Developing Players
Rochus C.,120.0,79.0,1.0,37.0,41.0,18.0,0.0,19.0,1,Developing Players
Rochus C. ,1.0,1.0,0.0,0.0,88.0,0.0,0.0,0.0,1,Developing Players
Rochus O.,255.0,91.0,6.0,113.0,24.0,20.0,21.0,72.0,1,Developing Players
Rochus O. ,1.0,1.0,0.0,0.0,61.0,0.0,0.0,0.0,1,Developing Players
Roddick A.,408.0,83.0,25.0,301.0,3.0,17.0,39.0,245.0,-1,Outlier
Rodionov J.,32.0,20.0,0.0,12.0,107.0,5.0,2.0,5.0,1,Developing Players
Rodrigues M.,2.0,2.0,0.0,1.0,275.0,0.0,0.0,1.0,1,Developing Players
Rodriguez B.,1.0,1.0,0.0,0.0,439.0,0.0,0.0,0.0,1,Developing Players
Rodriguez Taverna S.,1.0,1.0,0.0,0.0,201.0,0.0,0.0,0.0,1,Developing Players
Roger-Vasselin E.,193.0,69.0,2.0,74.0,36.0,15.0,16.0,43.0,1,Developing Players
Roitman S.,75.0,50.0,0.0,21.0,62.0,20.0,0.0,1.0,1,Developing Players
Rola B.,25.0,17.0,0.0,8.0,80.0,4.0,1.0,3.0,1,Developing Players
Romboli F.,1.0,1.0,0.0,0.0,244.0,0.0,0.0,0.0,1,Developing Players
Rosenholm P.,3.0,2.0,0.0,1.0,371.0,0.0,0.0,1.0,1,Developing Players
Roshardt R.,2.0,1.0,0.0,0.0,588.0,0.0,0.0,0.0,1,Developing Players
Rosol L.,254.0,94.0,4.0,106.0,26.0,44.0,8.0,54.0,1,Developing Players
Roumane R.,1.0,1.0,0.0,0.0,431.0,0.0,0.0,0.0,1,Developing Players
Rubin N.,27.0,21.0,0.0,7.0,144.0,1.0,0.0,6.0,1,Developing Players
Rublev A.,476.0,101.0,26.0,304.0,5.0,77.0,19.0,208.0,4,Developing Players
Rufin G.,41.0,26.0,0.0,15.0,85.0,5.0,2.0,8.0,1,Developing Players
Rune H.,202.0,77.0,8.0,125.0,4.0,44.0,10.0,71.0,1,Developing Players
Rusedski G.,47.0,31.0,1.0,24.0,29.0,2.0,5.0,17.0,1,Developing Players
Russell M.,161.0,74.0,0.0,59.0,67.0,7.0,7.0,45.0,1,Developing Players
Ruud C.,345.0,95.0,23.0,221.0,2.0,137.0,5.0,79.0,1,Developing Players
Ruusuvuori E.,186.0,77.0,2.0,93.0,40.0,14.0,11.0,68.0,1,Developing Players
Rybakov A.,1.0,1.0,0.0,0.0,378.0,0.0,0.0,0.0,1,Developing Players
Ryderstedt M.,16.0,9.0,0.0,5.0,130.0,3.0,0.0,2.0,1,Developing Players
Sa A.,1.0,1.0,0.0,0.0,241.0,0.0,0.0,0.0,1,Developing Players
Saavedra Corvalan C.,1.0,1.0,0.0,0.0,395.0,0.0,0.0,0.0,1,Developing Players
Sabau R.,32.0,25.0,0.0,9.0,74.0,7.0,1.0,1.0,1,Developing Players
Sabry S.,1.0,1.0,0.0,0.0,586.0,0.0,0.0,0.0,1,Developing Players
Sachko V.,5.0,5.0,0.0,0.0,166.0,0.0,0.0,0.0,1,Developing Players
Sadecky A.,3.0,1.0,0.0,1.0,401.0,1.0,0.0,0.0,1,Developing Players
Safin M.,181.0,74.0,2.0,95.0,4.0,19.0,11.0,65.0,1,Developing Players
Safiullin R.,98.0,55.0,1.0,45.0,36.0,7.0,7.0,31.0,1,Developing Players
Safranek V.,2.0,2.0,0.0,0.0,210.0,0.0,0.0,0.0,1,Developing Players
Safwat M.,13.0,11.0,0.0,1.0,173.0,0.0,1.0,0.0,1,Developing Players
Sakamoto P.,1.0,1.0,0.0,0.0,389.0,0.0,0.0,0.0,1,Developing Players
Sakharov G.,4.0,3.0,0.0,1.0,159.0,1.0,0.0,0.0,1,Developing Players
Salamanca C.,1.0,1.0,0.0,0.0,310.0,0.0,0.0,0.0,1,Developing Players
Salva B.,5.0,4.0,0.0,0.0,339.0,0.0,0.0,0.0,1,Developing Players
Salzenstein J.,3.0,3.0,0.0,1.0,437.0,0.0,0.0,1.0,1,Developing Players
Samper-Montana J.,2.0,2.0,0.0,0.0,216.0,0.0,0.0,0.0,1,Developing Players
Sanchez D.,7.0,5.0,0.0,3.0,116.0,3.0,0.0,0.0,1,Developing Players
Sanchez De Luna J.,2.0,2.0,0.0,0.0,304.0,0.0,0.0,0.0,1,Developing Players
Sanchez Izquierdo N.,1.0,1.0,0.0,0.0,260.0,0.0,0.0,0.0,1,Developing Players
Sanchez M.,1.0,1.0,0.0,0.0,624.0,0.0,0.0,0.0,1,Developing Players
Sanchez de Luna J.A.,1.0,1.0,0.0,0.0,494.0,0.0,0.0,0.0,1,Developing Players
Sandbichler A.,1.0,1.0,0.0,0.0,570.0,0.0,0.0,0.0,1,Developing Players
Sandgren T.,116.0,59.0,2.0,42.0,41.0,8.0,8.0,26.0,1,Developing Players
Sanguinetti D.,65.0,44.0,0.0,24.0,42.0,5.0,1.0,18.0,1,Developing Players
Santillan A.,9.0,8.0,0.0,2.0,168.0,0.0,1.0,1.0,1,Developing Players
Santoro F.,164.0,66.0,2.0,79.0,34.0,3.0,22.0,54.0,1,Developing Players
Saoudi S.,2.0,2.0,0.0,0.0,524.0,0.0,0.0,0.0,1,Developing Players
Saretta F.,19.0,13.0,0.0,6.0,83.0,6.0,0.0,0.0,1,Developing Players
Sargsian S.,3.0,3.0,0.0,0.0,391.0,0.0,0.0,0.0,1,Developing Players
Sarkissian A.,6.0,5.0,0.0,2.0,176.0,1.0,0.0,1.0,1,Developing Players
Sarmiento R.,1.0,1.0,0.0,0.0,705.0,0.0,0.0,0.0,1,Developing Players
Satral J.,3.0,3.0,0.0,1.0,226.0,0.0,0.0,1.0,1,Developing Players
Saulnier C.,32.0,28.0,0.0,12.0,48.0,0.0,0.0,12.0,1,Developing Players
Saville L.,9.0,5.0,0.0,2.0,164.0,0.0,2.0,0.0,1,Developing Players
Schalken S.,1.0,1.0,0.0,0.0,202.0,0.0,0.0,0.0,1,Developing Players
Scherrer J.C.,3.0,3.0,0.0,1.0,466.0,0.0,0.0,1.0,1,Developing Players
Schnur B.,18.0,13.0,1.0,3.0,92.0,0.0,0.0,3.0,1,Developing Players
Scholtz N.,1.0,1.0,0.0,0.0,662.0,0.0,0.0,0.0,1,Developing Players
Schoolkate T.,5.0,5.0,0.0,1.0,185.0,0.0,0.0,1.0,1,Developing Players
Schoorel T.,6.0,5.0,0.0,1.0,168.0,1.0,0.0,0.0,1,Developing Players
Schuettler R.,190.0,81.0,1.0,75.0,29.0,9.0,19.0,47.0,1,Developing Players
Schuettler R. ,1.0,1.0,0.0,0.0,85.0,0.0,0.0,0.0,1,Developing Players
Schukin Y.,27.0,20.0,0.0,11.0,141.0,11.0,0.0,0.0,1,Developing Players
Schuttler P.,1.0,1.0,0.0,0.0,350.0,0.0,0.0,0.0,1,Developing Players
Schwaerzler J.,2.0,2.0,0.0,0.0,347.0,0.0,0.0,0.0,1,Developing Players
Schwank E.,89.0,53.0,0.0,32.0,50.0,25.0,0.0,7.0,1,Developing Players
Schwartzman D.,436.0,111.0,14.0,234.0,9.0,113.0,10.0,111.0,1,Developing Players
Searle H.,2.0,2.0,0.0,0.0,539.0,0.0,0.0,0.0,1,Developing Players
Sekulic M.,1.0,1.0,0.0,0.0,68.0,0.0,0.0,0.0,1,Developing Players
Sekulic P.,3.0,3.0,0.0,1.0,298.0,0.0,0.0,1.0,1,Developing Players
Sela D.,280.0,105.0,2.0,116.0,30.0,8.0,25.0,83.0,1,Developing Players
Seppi A.,711.0,178.0,9.0,336.0,18.0,107.0,54.0,175.0,-1,Outlier
Seppi A. ,2.0,2.0,0.0,1.0,51.0,0.0,0.0,1.0,1,Developing Players
Serdarusic N.,9.0,7.0,0.0,1.0,193.0,1.0,0.0,0.0,1,Developing Players
Sergeyev I.,2.0,1.0,0.0,1.0,209.0,0.0,0.0,1.0,1,Developing Players
Serra F.,268.0,108.0,3.0,109.0,36.0,42.0,9.0,58.0,1,Developing Players
Serra F. ,2.0,2.0,0.0,1.0,71.0,0.0,0.0,1.0,1,Developing Players
Setkic A.,3.0,3.0,0.0,0.0,165.0,0.0,0.0,0.0,1,Developing Players
Seyboth Wild T.,71.0,38.0,1.0,31.0,63.0,21.0,2.0,8.0,1,Developing Players
Shane R.,1.0,1.0,0.0,0.0,1410.0,0.0,0.0,0.0,1,Developing Players
Shang J.,56.0,33.0,1.0,29.0,51.0,1.0,3.0,25.0,1,Developing Players
Shapovalov D.,336.0,96.0,7.0,183.0,10.0,33.0,19.0,131.0,1,Developing Players
Shelbayh A.,10.0,9.0,0.0,2.0,230.0,1.0,0.0,1.0,1,Developing Players
Shelton B.,117.0,49.0,3.0,66.0,13.0,9.0,6.0,51.0,1,Developing Players
Shevchenko A.,80.0,46.0,1.0,37.0,48.0,11.0,1.0,25.0,1,Developing Players
Shimabukuro S.,8.0,8.0,0.0,2.0,148.0,0.0,0.0,2.0,1,Developing Players
Shimizu Y.,1.0,1.0,0.0,0.0,451.0,0.0,0.0,0.0,1,Developing Players
Shyla Y.,1.0,1.0,0.0,0.0,366.0,0.0,0.0,0.0,1,Developing Players
Sidorenko A.,12.0,9.0,0.0,4.0,187.0,2.0,0.0,2.0,1,Developing Players
Sijsling I.,129.0,75.0,0.0,45.0,52.0,10.0,10.0,25.0,1,Developing Players
Silva D.,1.0,1.0,0.0,0.0,263.0,0.0,0.0,0.0,1,Developing Players
Silva F.,2.0,1.0,0.0,0.0,249.0,0.0,0.0,0.0,1,Developing Players
Silva F.F.,3.0,2.0,0.0,1.0,263.0,1.0,0.0,0.0,1,Developing Players
Silva J.,4.0,4.0,0.0,0.0,160.0,0.0,0.0,0.0,1,Developing Players
Simmonds P.,3.0,3.0,0.0,0.0,240.0,0.0,0.0,0.0,1,Developing Players
Simon G.,831.0,170.0,22.0,473.0,7.0,140.0,48.0,285.0,-1,Outlier
Simon G. ,3.0,1.0,0.0,2.0,12.0,0.0,0.0,2.0,1,Developing Players
Simonsson F.,1.0,1.0,0.0,0.0,674.0,0.0,0.0,0.0,1,Developing Players
Singh S.,1.0,1.0,0.0,0.0,373.0,0.0,0.0,0.0,1,Developing Players
Sinner J.,313.0,73.0,23.0,240.0,1.0,52.0,21.0,167.0,1,Developing Players
Sirianni J.,15.0,13.0,0.0,4.0,143.0,0.0,1.0,3.0,1,Developing Players
Siriluethaiwattana P.,1.0,1.0,0.0,0.0,1194.0,0.0,0.0,0.0,1,Developing Players
Sitak A.,1.0,1.0,0.0,0.0,387.0,0.0,0.0,0.0,1,Developing Players
Skatov T.,11.0,8.0,0.0,3.0,129.0,2.0,0.0,1.0,1,Developing Players
Skugor F.,26.0,23.0,0.0,7.0,146.0,4.0,0.0,3.0,1,Developing Players
Slabinsky A.,2.0,2.0,0.0,0.0,329.0,0.0,0.0,0.0,1,Developing Players
Slanar M.,3.0,2.0,0.0,1.0,232.0,0.0,0.0,1.0,1,Developing Players
Sluiter R.,40.0,33.0,1.0,15.0,84.0,5.0,4.0,6.0,1,Developing Players
Smeets R.,9.0,8.0,0.0,1.0,150.0,0.0,0.0,1.0,1,Developing Players
Smethurst D.,1.0,1.0,0.0,0.0,234.0,0.0,0.0,0.0,1,Developing Players
Smith J.P.,27.0,20.0,0.0,5.0,129.0,0.0,4.0,1.0,1,Developing Players
Smyczek T.,128.0,45.0,0.0,43.0,68.0,3.0,6.0,34.0,1,Developing Players
Snobel P.,3.0,3.0,0.0,0.0,184.0,0.0,0.0,0.0,1,Developing Players
Sock J.,305.0,65.0,6.0,167.0,8.0,30.0,15.0,122.0,1,Developing Players
Soderling R.,338.0,96.0,14.0,228.0,4.0,62.0,20.0,146.0,1,Developing Players
Soderlund C.,2.0,1.0,0.0,1.0,479.0,1.0,0.0,0.0,1,Developing Players
Soeda G.,104.0,52.0,0.0,29.0,52.0,1.0,4.0,24.0,1,Developing Players
Sonego L.,283.0,105.0,6.0,135.0,21.0,49.0,21.0,65.0,1,Developing Players
Sorensen L.,5.0,4.0,0.0,2.0,236.0,1.0,0.0,1.0,1,Developing Players
Sousa J.,430.0,135.0,12.0,182.0,28.0,76.0,14.0,92.0,1,Developing Players
Sousa P.,33.0,25.0,1.0,6.0,101.0,6.0,0.0,0.0,1,Developing Players
Souza J.,68.0,37.0,0.0,23.0,69.0,22.0,0.0,1.0,1,Developing Players
Spadea V.,155.0,68.0,1.0,62.0,42.0,7.0,12.0,43.0,1,Developing Players
Spizzirri E.,3.0,2.0,0.0,1.0,341.0,0.0,1.0,0.0,1,Developing Players
Squire H.,4.0,3.0,0.0,1.0,181.0,1.0,0.0,0.0,1,Developing Players
Srichaphan P.,90.0,48.0,1.0,46.0,35.0,0.0,3.0,43.0,1,Developing Players
Stadler S.,15.0,8.0,0.0,5.0,141.0,0.0,3.0,2.0,1,Developing Players
Stakhovsky S.,314.0,102.0,4.0,137.0,34.0,25.0,23.0,89.0,1,Developing Players
Starace P.,273.0,91.0,4.0,121.0,28.0,100.0,0.0,21.0,1,Developing Players
Statham J.,8.0,4.0,0.0,2.0,332.0,0.0,0.0,2.0,1,Developing Players
Statham R.,1.0,1.0,0.0,0.0,557.0,0.0,0.0,0.0,1,Developing Players
Stebe C-M.,2.0,2.0,0.0,1.0,177.0,0.0,0.0,1.0,1,Developing Players
Stebe C.M.,68.0,35.0,1.0,26.0,77.0,13.0,2.0,11.0,1,Developing Players
Steckley R.,1.0,1.0,0.0,0.0,583.0,0.0,0.0,0.0,1,Developing Players
Stepanek M.,1.0,1.0,0.0,0.0,25.0,0.0,0.0,0.0,1,Developing Players
Stepanek R.,434.0,112.0,10.0,247.0,11.0,51.0,28.0,168.0,1,Developing Players
Stepanek R. ,4.0,2.0,0.0,3.0,14.0,0.0,0.0,3.0,1,Developing Players
Stoppini A.,10.0,9.0,0.0,3.0,220.0,0.0,0.0,3.0,1,Developing Players
Stricker D.,38.0,16.0,0.0,19.0,90.0,4.0,4.0,11.0,1,Developing Players
Strode B.,1.0,1.0,0.0,0.0,393.0,0.0,0.0,0.0,1,Developing Players
Struff J-L.,1.0,1.0,0.0,0.0,106.0,0.0,0.0,0.0,1,Developing Players
Struff J.L.,419.0,111.0,4.0,195.0,21.0,71.0,25.0,99.0,1,Developing Players
Struvay E.,2.0,1.0,0.0,0.0,336.0,0.0,0.0,0.0,1,Developing Players
Sugita Y.,122.0,61.0,1.0,42.0,38.0,4.0,14.0,24.0,1,Developing Players
Summerer T.,6.0,5.0,0.0,0.0,168.0,0.0,0.0,0.0,1,Developing Players
Sun F.,1.0,1.0,0.0,0.0,359.0,0.0,0.0,0.0,1,Developing Players
Sun P.,3.0,2.0,0.0,0.0,557.0,0.0,0.0,0.0,1,Developing Players
Suzuki T.,10.0,5.0,0.0,5.0,216.0,0.0,0.0,5.0,1,Developing Players
Svajda Z.,22.0,17.0,0.0,6.0,102.0,0.0,0.0,6.0,1,Developing Players
Svrcina D.,5.0,5.0,0.0,2.0,167.0,0.0,0.0,2.0,1,Developing Players
Sweeny D.,6.0,5.0,0.0,2.0,273.0,0.0,0.0,2.0,1,Developing Players
Sweeting R.,87.0,39.0,1.0,31.0,65.0,8.0,2.0,21.0,1,Developing Players
Tabara M.,3.0,3.0,0.0,0.0,109.0,0.0,0.0,0.0,1,Developing Players
Taberner C.,36.0,23.0,0.0,12.0,85.0,8.0,0.0,4.0,1,Developing Players
Tabilo A.,94.0,50.0,4.0,50.0,19.0,22.0,8.0,20.0,1,Developing Players
Tahiri M.,2.0,2.0,0.0,1.0,566.0,1.0,0.0,0.0,1,Developing Players
Taino E.,2.0,1.0,0.0,1.0,255.0,0.0,0.0,1.0,1,Developing Players
Takahashi Y.,1.0,1.0,0.0,0.0,262.0,0.0,0.0,0.0,1,Developing Players
Takeuchi K.,1.0,1.0,0.0,0.0,441.0,0.0,0.0,0.0,1,Developing Players
Tavares L.,2.0,2.0,0.0,1.0,246.0,1.0,0.0,0.0,1,Developing Players
Te R.,1.0,1.0,0.0,0.0,489.0,0.0,0.0,0.0,1,Developing Players
Tearney F.,2.0,1.0,0.0,0.0,365.0,0.0,0.0,0.0,1,Developing Players
Teixeira M.,6.0,5.0,0.0,1.0,181.0,1.0,0.0,0.0,1,Developing Players
Tepavac M.,1.0,1.0,0.0,0.0,201.0,0.0,0.0,0.0,1,Developing Players
Terachi T.,3.0,3.0,0.0,1.0,431.0,0.0,0.0,1.0,1,Developing Players
Thiem D.,513.0,115.0,28.0,318.0,3.0,153.0,14.0,151.0,-1,Outlier
Thiem D. ,5.0,1.0,1.0,3.0,5.0,0.0,0.0,3.0,1,Developing Players
Thomann N.,5.0,5.0,0.0,1.0,206.0,0.0,0.0,1.0,1,Developing Players
Thompson C.,1.0,1.0,0.0,0.0,2159.0,0.0,0.0,0.0,1,Developing Players
Thompson J.,279.0,106.0,4.0,130.0,28.0,14.0,27.0,89.0,1,Developing Players
Thron A.,1.0,1.0,0.0,0.0,1473.0,0.0,0.0,0.0,1,Developing Players
Tiafoe F.,366.0,97.0,9.0,190.0,10.0,34.0,23.0,133.0,1,Developing Players
Tien L.,7.0,3.0,0.0,3.0,191.0,0.0,0.0,3.0,1,Developing Players
Tipsarevic J.,419.0,136.0,10.0,225.0,8.0,46.0,34.0,145.0,1,Developing Players
Tipsarevic J. ,2.0,1.0,0.0,1.0,39.0,0.0,0.0,1.0,1,Developing Players
Tirante T.A.,17.0,12.0,0.0,8.0,109.0,7.0,0.0,1.0,1,Developing Players
Tiurnev E.,1.0,1.0,0.0,0.0,304.0,0.0,0.0,0.0,1,Developing Players
Tomic B.,329.0,101.0,6.0,166.0,17.0,25.0,33.0,108.0,1,Developing Players
Topic J.,1.0,1.0,0.0,0.0,605.0,0.0,0.0,0.0,1,Developing Players
Topo M.,5.0,4.0,0.0,0.0,320.0,0.0,0.0,0.0,1,Developing Players
Torebko P.,2.0,2.0,0.0,0.0,313.0,0.0,0.0,0.0,1,Developing Players
Torpegaard M.,4.0,4.0,0.0,1.0,179.0,0.0,0.0,1.0,1,Developing Players
Travaglia S.,77.0,45.0,1.0,25.0,60.0,10.0,1.0,14.0,1,Developing Players
Trevisan M.,1.0,1.0,0.0,0.0,462.0,0.0,0.0,0.0,1,Developing Players
Trinker B.,3.0,3.0,0.0,1.0,371.0,1.0,0.0,0.0,1,Developing Players
Troicki V.,496.0,132.0,9.0,253.0,12.0,53.0,32.0,168.0,1,Developing Players
Troicki V. ,2.0,2.0,0.0,1.0,29.0,0.0,0.0,1.0,1,Developing Players
Trongcharoenchaikul W.,1.0,1.0,0.0,0.0,1217.0,0.0,0.0,0.0,1,Developing Players
Trujillo G.,2.0,2.0,0.0,1.0,237.0,1.0,0.0,0.0,1,Developing Players
Trungelliti M.,38.0,21.0,0.0,15.0,121.0,13.0,0.0,2.0,1,Developing Players
Trusendi W.,1.0,1.0,0.0,0.0,386.0,0.0,0.0,0.0,1,Developing Players
Tseng C. H.,9.0,8.0,0.0,2.0,108.0,1.0,0.0,1.0,1,Developing Players
Tseng C.H.,11.0,9.0,0.0,2.0,85.0,0.0,0.0,2.0,1,Developing Players
Tsitsipas P.,1.0,1.0,0.0,0.0,970.0,0.0,0.0,0.0,1,Developing Players
Tsitsipas S.,456.0,92.0,28.0,303.0,3.0,106.0,22.0,175.0,4,Developing Players
Tsitsipas S. ,5.0,2.0,1.0,4.0,6.0,0.0,0.0,4.0,1,Developing Players
Tsonga J.W.,636.0,103.0,30.0,426.0,5.0,76.0,46.0,304.0,3,Top Players
Tu L.,7.0,5.0,0.0,1.0,191.0,0.0,1.0,0.0,1,Developing Players
Tuksar S.,3.0,3.0,0.0,0.0,166.0,0.0,0.0,0.0,1,Developing Players
Tursunov D.,365.0,124.0,9.0,190.0,20.0,23.0,31.0,136.0,1,Developing Players
Tveit E.,1.0,1.0,0.0,0.0,925.0,0.0,0.0,0.0,1,Developing Players
Tyurnev E.,1.0,1.0,0.0,0.0,548.0,0.0,0.0,0.0,1,Developing Players
Uchida K.,4.0,4.0,0.0,1.0,163.0,0.0,0.0,1.0,1,Developing Players
Uchiyama Y.,36.0,23.0,0.0,11.0,86.0,0.0,0.0,11.0,1,Developing Players
Udomchoke D.,56.0,31.0,0.0,13.0,79.0,0.0,4.0,9.0,1,Developing Players
Ugo Carabelli C.,13.0,11.0,0.0,4.0,92.0,4.0,0.0,0.0,1,Developing Players
Ulihrach B.,4.0,3.0,0.0,1.0,199.0,1.0,0.0,0.0,1,Developing Players
Ungur A.,32.0,23.0,0.0,6.0,79.0,6.0,0.0,0.0,1,Developing Players
Vacek J.,6.0,5.0,0.0,3.0,245.0,0.0,3.0,0.0,1,Developing Players
Vacherot V.,4.0,3.0,0.0,0.0,138.0,0.0,0.0,0.0,1,Developing Players
Vagnozzi S.,8.0,7.0,0.0,2.0,186.0,2.0,0.0,0.0,1,Developing Players
Vahaly B.,1.0,1.0,0.0,0.0,164.0,0.0,0.0,0.0,1,Developing Players
Vaisse M.,1.0,1.0,0.0,0.0,309.0,0.0,0.0,0.0,1,Developing Players
Valent R.,1.0,1.0,0.0,0.0,1088.0,0.0,0.0,0.0,1,Developing Players
Valkusz M.,4.0,3.0,0.0,1.0,214.0,0.0,0.0,1.0,1,Developing Players
Van Assche L.,50.0,35.0,0.0,16.0,64.0,8.0,1.0,7.0,1,Developing Players
Van D. Merwe I.,1.0,1.0,0.0,0.0,118.0,0.0,0.0,0.0,1,Developing Players
Van De Zandschulp B.,161.0,68.0,1.0,79.0,23.0,19.0,9.0,51.0,1,Developing Players
Van Der Merwe I.,10.0,5.0,0.0,6.0,129.0,0.0,2.0,4.0,1,Developing Players
Van Rijthoven T.,19.0,14.0,1.0,10.0,103.0,0.0,8.0,2.0,1,Developing Players
Van der Dium A.,1.0,1.0,0.0,0.0,995.0,0.0,0.0,0.0,1,Developing Players
Van der Merwe I.,3.0,2.0,0.0,1.0,285.0,0.0,0.0,1.0,1,Developing Players
Vanek J.,80.0,52.0,0.0,28.0,81.0,22.0,1.0,5.0,1,Developing Players
Vanni L.,21.0,16.0,1.0,5.0,100.0,4.0,0.0,1.0,1,Developing Players
Vardhan V.,1.0,1.0,0.0,0.0,313.0,0.0,0.0,0.0,1,Developing Players
Varillas J. P.,19.0,14.0,0.0,9.0,92.0,9.0,0.0,0.0,1,Developing Players
Varillas J.P.,39.0,23.0,0.0,16.0,63.0,12.0,0.0,4.0,1,Developing Players
Vasilevski A.,1.0,1.0,0.0,0.0,785.0,0.0,0.0,0.0,1,Developing Players
Vassallo-Arguello M.,101.0,52.0,0.0,39.0,49.0,33.0,2.0,4.0,1,Developing Players
Vassallo-Arguello M. ,1.0,1.0,0.0,0.0,72.0,0.0,0.0,0.0,1,Developing Players
Vatutin A.,9.0,7.0,0.0,2.0,138.0,2.0,0.0,0.0,1,Developing Players
Vavassori A.,19.0,14.0,0.0,8.0,128.0,6.0,0.0,2.0,1,Developing Players
Vega Hernandez D.,1.0,1.0,0.0,0.0,440.0,0.0,0.0,0.0,1,Developing Players
Veger F.,1.0,1.0,0.0,0.0,836.0,0.0,0.0,0.0,1,Developing Players
Veic A.,30.0,16.0,0.0,9.0,127.0,4.0,0.0,5.0,1,Developing Players
Velotti A.,3.0,3.0,0.0,0.0,676.0,0.0,0.0,0.0,1,Developing Players
Vemic D.,15.0,11.0,0.0,5.0,178.0,3.0,1.0,1.0,1,Developing Players
Ventura S.,60.0,35.0,0.0,21.0,68.0,21.0,0.0,0.0,1,Developing Players
Venus M.,9.0,6.0,0.0,1.0,40.0,0.0,0.0,1.0,1,Developing Players
Verdasco F.,856.0,199.0,21.0,478.0,7.0,198.0,44.0,236.0,-1,Outlier
Verdasco F. ,3.0,2.0,0.0,2.0,8.0,0.0,0.0,2.0,1,Developing Players
Verkerk M.,11.0,10.0,0.0,0.0,316.0,0.0,0.0,0.0,1,Developing Players
Vesely J.,277.0,112.0,4.0,130.0,36.0,51.0,23.0,56.0,1,Developing Players
Vicente F.,30.0,21.0,0.0,5.0,87.0,4.0,1.0,0.0,1,Developing Players
Vicente M.,1.0,1.0,0.0,0.0,188.0,0.0,0.0,0.0,1,Developing Players
Vico U.,3.0,2.0,0.0,1.0,251.0,0.0,0.0,1.0,1,Developing Players
Vik R.,51.0,41.0,0.0,17.0,57.0,6.0,1.0,10.0,1,Developing Players
Vilella Martinez M.,9.0,8.0,0.0,4.0,167.0,1.0,0.0,3.0,1,Developing Players
Villanueva G.,1.0,1.0,0.0,0.0,279.0,0.0,0.0,0.0,1,Developing Players
Vinciguerra A.,16.0,10.0,0.0,6.0,153.0,5.0,0.0,1.0,1,Developing Players
Viola M.,15.0,14.0,0.0,4.0,126.0,2.0,0.0,2.0,1,Developing Players
Viola Mat.,2.0,2.0,0.0,0.0,148.0,0.0,0.0,0.0,1,Developing Players
Virtanen O.,10.0,7.0,0.0,3.0,116.0,0.0,1.0,2.0,1,Developing Players
Vliegen K.,142.0,76.0,1.0,60.0,30.0,19.0,9.0,32.0,1,Developing Players
Volandri F.,244.0,96.0,5.0,96.0,25.0,88.0,1.0,7.0,1,Developing Players
Vovk S.,1.0,1.0,0.0,0.0,1216.0,0.0,0.0,0.0,1,Developing Players
Vrbensky M.,1.0,1.0,0.0,0.0,311.0,0.0,0.0,0.0,1,Developing Players
Vukic A.,93.0,55.0,1.0,41.0,50.0,4.0,10.0,27.0,1,Developing Players
Wachiramanowong K.,2.0,1.0,0.0,0.0,523.0,0.0,0.0,0.0,1,Developing Players
Walter L.,1.0,1.0,0.0,0.0,287.0,0.0,0.0,0.0,1,Developing Players
Walton A.,14.0,14.0,0.0,3.0,89.0,0.0,2.0,1.0,1,Developing Players
Wang C.,2.0,2.0,0.0,1.0,553.0,0.0,0.0,1.0,1,Developing Players
Wang J.,21.0,12.0,0.0,8.0,133.0,2.0,4.0,2.0,1,Developing Players
Wang Y.,2.0,2.0,0.0,0.0,87.0,0.0,0.0,0.0,1,Developing Players
Wang Y. Jr,1.0,1.0,0.0,0.0,401.0,0.0,0.0,0.0,1,Developing Players
Wang Y.Jr.,1.0,1.0,0.0,0.0,484.0,0.0,0.0,0.0,1,Developing Players
Wang Y.T.,27.0,19.0,0.0,8.0,87.0,0.0,3.0,5.0,1,Developing Players
Warburg S.,13.0,11.0,0.0,3.0,157.0,0.0,0.0,3.0,1,Developing Players
Ward A.,4.0,4.0,0.0,0.0,244.0,0.0,0.0,0.0,1,Developing Players
Ward J.,63.0,33.0,0.0,13.0,102.0,0.0,10.0,3.0,1,Developing Players
Washington M.,1.0,1.0,0.0,0.0,864.0,0.0,0.0,0.0,1,Developing Players
Waske A.,48.0,32.0,0.0,16.0,89.0,9.0,2.0,5.0,1,Developing Players
Watanuki Y.,31.0,20.0,0.0,13.0,79.0,3.0,2.0,8.0,1,Developing Players
Wawrinka S.,839.0,141.0,30.0,522.0,3.0,176.0,32.0,314.0,-1,Outlier
Wawrinka S. ,3.0,2.0,0.0,2.0,21.0,0.0,0.0,2.0,1,Developing Players
Weiner G.,2.0,2.0,0.0,0.0,205.0,0.0,0.0,0.0,1,Developing Players
Weintraub A.,5.0,5.0,0.0,1.0,196.0,0.0,0.0,1.0,1,Developing Players
Wessels L.,1.0,1.0,0.0,0.0,347.0,0.0,0.0,0.0,1,Developing Players
Wessels P.,14.0,9.0,1.0,7.0,103.0,0.0,4.0,3.0,1,Developing Players
Westerhof B.,1.0,1.0,0.0,0.0,236.0,0.0,0.0,0.0,1,Developing Players
Whitehouse W.,7.0,5.0,0.0,3.0,331.0,0.0,0.0,3.0,1,Developing Players
Whittington A.,5.0,5.0,0.0,2.0,190.0,0.0,0.0,2.0,1,Developing Players
Widom T.,7.0,6.0,0.0,4.0,232.0,0.0,0.0,4.0,1,Developing Players
Williams R.,23.0,19.0,0.0,5.0,114.0,2.0,0.0,3.0,1,Developing Players
Willis M.,2.0,2.0,0.0,1.0,772.0,0.0,1.0,0.0,1,Developing Players
Wilson B.,5.0,4.0,0.0,1.0,279.0,0.0,0.0,1.0,1,Developing Players
Witten J.,10.0,8.0,0.0,2.0,186.0,0.0,0.0,2.0,1,Developing Players
Wolf J.J.,97.0,53.0,1.0,45.0,39.0,7.0,3.0,35.0,1,Developing Players
Wolmarans F.,3.0,1.0,0.0,1.0,261.0,0.0,0.0,1.0,1,Developing Players
Wong C.,6.0,6.0,0.0,0.0,133.0,0.0,0.0,0.0,1,Developing Players
Wu D.,24.0,11.0,0.0,4.0,203.0,0.0,0.0,4.0,1,Developing Players
Wu T.L.,5.0,4.0,0.0,1.0,172.0,0.0,0.0,1.0,1,Developing Players
Wu Y.,40.0,28.0,1.0,18.0,54.0,3.0,1.0,14.0,1,Developing Players
Xu J.C.,1.0,1.0,0.0,0.0,594.0,0.0,0.0,0.0,1,Developing Players
Yang T.H.,4.0,4.0,0.0,0.0,341.0,0.0,0.0,0.0,1,Developing Players
Yani M.,15.0,13.0,0.0,3.0,151.0,0.0,2.0,1.0,1,Developing Players
Yevseyev D.,4.0,3.0,0.0,1.0,160.0,1.0,0.0,0.0,1,Developing Players
Ymer E.,86.0,47.0,0.0,25.0,108.0,11.0,0.0,14.0,1,Developing Players
Ymer M.,127.0,59.0,1.0,57.0,53.0,12.0,6.0,39.0,1,Developing Players
Young D.,293.0,84.0,2.0,114.0,40.0,7.0,13.0,94.0,1,Developing Players
Youzhny A.,1.0,1.0,0.0,0.0,18.0,0.0,0.0,0.0,1,Developing Players
Youzhny M.,602.0,125.0,15.0,332.0,8.0,84.0,39.0,209.0,1,Developing Players
Youzhny M. ,4.0,2.0,1.0,3.0,23.0,0.0,0.0,3.0,1,Developing Players
Yu X.Y.,1.0,1.0,0.0,0.0,515.0,0.0,0.0,0.0,1,Developing Players
Yuksel A.,1.0,1.0,0.0,0.0,507.0,0.0,0.0,0.0,1,Developing Players
Zabaleta M.,46.0,25.0,1.0,21.0,63.0,21.0,0.0,0.0,1,Developing Players
Zampieri C.,3.0,2.0,0.0,1.0,255.0,1.0,0.0,0.0,1,Developing Players
Zapata Miralles B.,90.0,57.0,0.0,31.0,37.0,25.0,0.0,6.0,1,Developing Players
Zayed M. S.,1.0,1.0,0.0,0.0,1855.0,0.0,0.0,0.0,1,Developing Players
Zayid M. S.,1.0,1.0,0.0,0.0,1512.0,0.0,0.0,0.0,1,Developing Players
Zayid M.S.,1.0,1.0,0.0,0.0,1277.0,0.0,0.0,0.0,1,Developing Players
Zeballos H.,208.0,86.0,2.0,84.0,40.0,52.0,2.0,30.0,1,Developing Players
Zeballos H. ,1.0,1.0,0.0,0.0,42.0,0.0,0.0,0.0,1,Developing Players
Zekic M.,3.0,3.0,0.0,1.0,316.0,1.0,0.0,0.0,1,Developing Players
Zemlja G.,58.0,34.0,1.0,26.0,49.0,6.0,6.0,14.0,1,Developing Players
Zeng S.X.,4.0,3.0,0.0,1.0,393.0,0.0,0.0,1.0,1,Developing Players
Zeppieri G.,19.0,12.0,0.0,6.0,120.0,5.0,0.0,1.0,1,Developing Players
Zhang Z.,15.0,7.0,0.0,4.0,165.0,0.0,1.0,3.0,1,Developing Players
Zhang Ze,11.0,6.0,0.0,1.0,179.0,0.0,0.0,1.0,1,Developing Players
Zhang Ze.,2.0,2.0,0.0,0.0,179.0,0.0,0.0,0.0,1,Developing Players
Zhang Zh.,100.0,59.0,1.0,48.0,33.0,18.0,6.0,24.0,1,Developing Players
Zhou Y.,5.0,4.0,0.0,0.0,440.0,0.0,0.0,0.0,1,Developing Players
Zhukayev B.,7.0,6.0,0.0,2.0,213.0,0.0,0.0,2.0,1,Developing Players
Ziadi M.,4.0,2.0,0.0,0.0,613.0,0.0,0.0,0.0,1,Developing Players
Zib T.,47.0,33.0,0.0,12.0,51.0,5.0,2.0,5.0,1,Developing Players
Zimonjic N.,2.0,2.0,0.0,0.0,674.0,0.0,0.0,0.0,1,Developing Players
Zitko R.,1.0,1.0,0.0,0.0,487.0,0.0,0.0,0.0,1,Developing Players
Zopp J.,43.0,23.0,0.0,14.0,80.0,9.0,0.0,5.0,1,Developing Players
Zovko L.,5.0,4.0,0.0,2.0,759.0,0.0,0.0,2.0,1,Developing Players
Zuk K.,3.0,3.0,0.0,0.0,170.0,0.0,0.0,0.0,1,Developing Players
Zverev A.,599.0,103.0,35.0,421.0,2.0,142.0,38.0,241.0,-1,Outlier
Zverev A. ,4.0,2.0,0.0,2.0,7.0,0.0,0.0,2.0,1,Developing Players
Zverev M.,316.0,116.0,3.0,130.0,26.0,25.0,28.0,77.0,1,Developing Players
de Chaunac S.,7.0,7.0,0.0,0.0,254.0,0.0,0.0,0.0,1,Developing Players
de Voest R.,18.0,17.0,0.0,5.0,124.0,0.0,1.0,4.0,1,Developing Players
di Mauro A.,42.0,28.0,1.0,13.0,83.0,12.0,0.0,1.0,1,Developing Players
van Gemerden M.,5.0,5.0,0.0,2.0,106.0,1.0,1.0,0.0,1,Developing Players
van Lottum J.,1.0,1.0,0.0,0.0,493.0,0.0,0.0,0.0,1,Developing Players
van Scheppingen D.,2.0,2.0,0.0,1.0,278.0,0.0,0.0,1.0,1,Developing Players
